FRAME NR,VISION TOTAL,OBJECTS DETECTION,SCAN ARRENGMENT,BOUNDARY DETECTION,LINE DETECTION,CAMERA TRANSFORMATION
50,0.0599789619446,0.0347461700439,5.48362731934e-05,0.00591826438904,0.0186319351196,0.000627756118774
51,0.0568420886993,0.0322542190552,5.34057617188e-05,0.00578546524048,0.0181059837341,0.000643014907837
52,0.0569467544556,0.0327806472778,5.34057617188e-05,0.00566840171814,0.0177836418152,0.00066065788269
53,0.059015750885,0.0327429771423,5.22136688232e-05,0.0063533782959,0.019202709198,0.000664472579956
54,0.0601215362549,0.0327944755554,5.22136688232e-05,0.00638222694397,0.0201659202576,0.000726699829102
55,0.0565521717072,0.0327501296997,5.24520874023e-05,0.00559210777283,0.0175046920776,0.00065279006958
56,0.0576736927032,0.0328798294067,5.34057617188e-05,0.00598859786987,0.0180735588074,0.000678300857544
57,0.0595123767853,0.0330767631531,5.29289245605e-05,0.00641512870789,0.0192773342133,0.000690221786499
58,0.0599691867828,0.0331666469574,5.43594360352e-05,0.00668692588806,0.0194292068481,0.000632047653198
59,0.0612115859985,0.0325646400452,4.95910644531e-05,0.00734066963196,0.0206203460693,0.000636339187622
60,0.0755341053009,0.0304460525513,5.60283660889e-05,0.00940585136414,0.0324130058289,0.00321316719055
61,0.0763747692108,0.0325446128845,5.31673431396e-05,0.0094907283783,0.0318229198456,0.00246334075928
62,0.0806615352631,0.0327017307281,5.26905059814e-05,0.00940561294556,0.0352907180786,0.00321078300476
63,0.0810928344727,0.0333516597748,6.103515625e-05,0.0102751255035,0.0363581180573,0.00104689598083
64,0.0699582099915,0.0330636501312,5.10215759277e-05,0.00858736038208,0.0278260707855,0.000430107116699
65,0.076434135437,0.0329277515411,5.31673431396e-05,0.00940132141113,0.0329141616821,0.00113773345947
66,0.071320772171,0.0325655937195,5.34057617188e-05,0.00852847099304,0.0284335613251,0.0017397403717
67,0.0743751525879,0.0326898097992,5.50746917725e-05,0.00933861732483,0.0309858322144,0.00130581855774
68,0.0741853713989,0.0325317382812,5.19752502441e-05,0.00934934616089,0.0309464931488,0.00130581855774
69,0.0759718418121,0.0325973033905,5.34057617188e-05,0.00951075553894,0.0320572853088,0.00175309181213
70,0.0691425800323,0.0325400829315,5.41210174561e-05,0.00856757164001,0.0273501873016,0.000630617141724
71,0.0702228546143,0.0329639911652,5.3882598877e-05,0.00858974456787,0.0277261734009,0.00088906288147
72,0.0713858604431,0.0329372882843,5.03063201904e-05,0.00874400138855,0.028525352478,0.00112891197205
73,0.0758926868439,0.0330801010132,5.19752502441e-05,0.00960421562195,0.0323002338409,0.000856161117554
74,0.0712418556213,0.0331451892853,5.24520874023e-05,0.00858926773071,0.0285732746124,0.000881671905518
75,0.0701875686646,0.0329585075378,5.19752502441e-05,0.00849747657776,0.0273404121399,0.00133919715881
76,0.0701320171356,0.0326862335205,5.24520874023e-05,0.00849533081055,0.0278112888336,0.00108671188354
77,0.0702826976776,0.0330040454865,5.19752502441e-05,0.00862407684326,0.0272727012634,0.00132989883423
78,0.0704517364502,0.0330717563629,5.96046447754e-05,0.0087296962738,0.0274996757507,0.00109100341797
79,0.0702328681946,0.0328986644745,5.12599945068e-05,0.00865483283997,0.0275185108185,0.00110960006714
80,0.0737884044647,0.0331439971924,5.1736831665e-05,0.00879120826721,0.0309183597565,0.000883102416992
81,0.0695691108704,0.0331017971039,5.14984130859e-05,0.00847220420837,0.0270802974701,0.000863313674927
82,0.0696549415588,0.0331215858459,5.19752502441e-05,0.00843811035156,0.0269711017609,0.00107216835022
83,0.0695855617523,0.0328857898712,5.24520874023e-05,0.00839447975159,0.0271775722504,0.00107526779175
84,0.0693669319153,0.0329077243805,5.12599945068e-05,0.00835967063904,0.0269746780396,0.00107359886169
85,0.0702786445618,0.0329577922821,5.24520874023e-05,0.00844693183899,0.0275123119354,0.00130915641785
86,0.0699167251587,0.0328335762024,5.19752502441e-05,0.00861859321594,0.0273401737213,0.0010724067688
87,0.0699605941772,0.033132314682,5.14984130859e-05,0.00861978530884,0.026998758316,0.00115823745728
88,0.069979429245,0.0330560207367,5.14984130859e-05,0.00847125053406,0.0270719528198,0.00132870674133
89,0.0706686973572,0.0329530239105,6.41345977783e-05,0.00877547264099,0.0277705192566,0.00110554695129
90,0.0701489448547,0.0327959060669,5.29289245605e-05,0.00846147537231,0.0273089408875,0.00152969360352
91,0.0695402622223,0.0329661369324,5.36441802979e-05,0.00846433639526,0.026978969574,0.00107717514038
92,0.0707852840424,0.033301115036,5.29289245605e-05,0.00890350341797,0.0274455547333,0.00108218193054
93,0.0696370601654,0.0330581665039,5.05447387695e-05,0.00846672058105,0.0270018577576,0.00105977058411
94,0.0692744255066,0.0330073833466,6.38961791992e-05,0.00860214233398,0.0267605781555,0.000840425491333
95,0.0691692829132,0.0326678752899,5.10215759277e-05,0.00848984718323,0.0271091461182,0.000851392745972
96,0.0700571537018,0.0330879688263,9.1552734375e-05,0.00850582122803,0.0272388458252,0.00113296508789
97,0.0698447227478,0.0332617759705,5.00679016113e-05,0.00853896141052,0.0268161296844,0.00117778778076
98,0.0697550773621,0.0331177711487,5.24520874023e-05,0.00851631164551,0.0271787643433,0.000889778137207
99,0.0686526298523,0.0330941677094,5.19752502441e-05,0.00850176811218,0.0261631011963,0.000841617584229
100,0.0663516521454,0.0310237407684,5.12599945068e-05,0.00839161872864,0.0264668464661,0.000418186187744
101,0.0686893463135,0.032791852951,5.36441802979e-05,0.00844287872314,0.0267703533173,0.000630617141724
102,0.0719659328461,0.0331771373749,5.05447387695e-05,0.0096333026886,0.0275342464447,0.00157070159912
103,0.0690417289734,0.0328350067139,5.10215759277e-05,0.00862741470337,0.0269026756287,0.000625610351562
104,0.0694308280945,0.0330202579498,5.00679016113e-05,0.00856137275696,0.0268218517303,0.000977277755737
105,0.0689318180084,0.0328943729401,5.00679016113e-05,0.00838232040405,0.0269813537598,0.00062370300293
106,0.0684018135071,0.032865524292,5.24520874023e-05,0.00848531723022,0.026150226593,0.000848293304443
107,0.0692915916443,0.0330183506012,5.24520874023e-05,0.00835132598877,0.0265822410583,0.00128722190857
108,0.0688395500183,0.0331335067749,5.14984130859e-05,0.00822734832764,0.0261423587799,0.00128483772278
109,0.0697684288025,0.0331318378448,5.29289245605e-05,0.00870418548584,0.027003288269,0.000876188278198
110,0.0694222450256,0.0329394340515,5.00679016113e-05,0.00857615470886,0.0269961357117,0.000860452651978
111,0.0680701732635,0.0329186916351,5.12599945068e-05,0.0081741809845,0.0258541107178,0.00107192993164
112,0.0691041946411,0.0329539775848,4.9352645874e-05,0.00883078575134,0.0264179706573,0.000852108001709
113,0.0692944526672,0.0328555107117,5.36441802979e-05,0.00863099098206,0.0271198749542,0.000634431838989
114,0.0681519508362,0.0328378677368,5.07831573486e-05,0.00820636749268,0.0261759757996,0.00088095664978
115,0.0694909095764,0.0329279899597,5.07831573486e-05,0.00854229927063,0.0271074771881,0.00086236000061
116,0.0692451000214,0.0331265926361,5.26905059814e-05,0.0084216594696,0.0265755653381,0.00106859207153
117,0.0683352947235,0.032998085022,5.69820404053e-05,0.008216381073,0.0262086391449,0.000855207443237
118,0.0684978961945,0.0329794883728,5.26905059814e-05,0.008305311203,0.0260803699493,0.00108003616333
119,0.0689263343811,0.0330648422241,5.14984130859e-05,0.00862574577332,0.0263161659241,0.000868082046509
120,0.06915974617,0.0328950881958,5.07831573486e-05,0.00841045379639,0.026921749115,0.000881671905518
121,0.0687336921692,0.0328803062439,5.19752502441e-05,0.00838947296143,0.0267820358276,0.000629901885986
122,0.0684852600098,0.0329895019531,5.36441802979e-05,0.00839924812317,0.0261845588684,0.000858306884766
123,0.0683078765869,0.0327422618866,5.03063201904e-05,0.00817847251892,0.0262525081635,0.00108432769775
124,0.0682232379913,0.032999753952,5.41210174561e-05,0.00821900367737,0.0261013507843,0.000849008560181
125,0.0695860385895,0.0328073501587,5.10215759277e-05,0.00869536399841,0.0271673202515,0.00086498260498
126,0.0692598819733,0.0331337451935,6.15119934082e-05,0.00825262069702,0.0262427330017,0.00156927108765
127,0.0676732063293,0.0328876972198,5.29289245605e-05,0.008141040802,0.0257275104523,0.000864028930664
128,0.0681660175323,0.0330746173859,5.12599945068e-05,0.00834774971008,0.0258233547211,0.000869035720825
129,0.0681614875793,0.0330126285553,5.22136688232e-05,0.00827836990356,0.025851726532,0.000966548919678
130,0.0699076652527,0.0330028533936,5.22136688232e-05,0.00836300849915,0.0270552635193,0.00143432617188
131,0.0687942504883,0.0331490039825,5.07831573486e-05,0.00822472572327,0.02627825737,0.00109148025513
132,0.0698375701904,0.032913684845,5.31673431396e-05,0.00847339630127,0.027361869812,0.00103545188904
133,0.0683946609497,0.0328958034515,6.24656677246e-05,0.00824689865112,0.0263249874115,0.000864505767822
134,0.0682785511017,0.0330379009247,5.19752502441e-05,0.00828576087952,0.025778055191,0.0011248588562
135,0.0680475234985,0.0328514575958,5.12599945068e-05,0.00833201408386,0.0259392261505,0.000873565673828
136,0.0673635005951,0.0328366756439,5.36441802979e-05,0.00809454917908,0.0254936218262,0.000885009765625
137,0.0684788227081,0.0327870845795,4.88758087158e-05,0.00826478004456,0.0264818668365,0.000896215438843
138,0.0681643486023,0.0329487323761,6.22272491455e-05,0.00840258598328,0.0258932113647,0.000857591629028
139,0.0693793296814,0.0329246520996,5.1736831665e-05,0.00833964347839,0.0271663665771,0.00089693069458
140,0.0683131217957,0.0327887535095,5.19752502441e-05,0.00827932357788,0.0263330936432,0.000859975814819
141,0.0688824653625,0.0329976081848,5.14984130859e-05,0.00834894180298,0.0266087055206,0.00087571144104
142,0.0675368309021,0.0330295562744,5.43594360352e-05,0.00802040100098,0.025577545166,0.000854969024658
143,0.0680859088898,0.0328495502472,5.1736831665e-05,0.00814199447632,0.0261678695679,0.000874757766724
144,0.0673475265503,0.0329558849335,5.14984130859e-05,0.00786137580872,0.0253953933716,0.00108337402344
145,0.0677208900452,0.0329606533051,5.12599945068e-05,0.00838303565979,0.0256478786469,0.000678062438965
146,0.0688648223877,0.0331697463989,5.50746917725e-05,0.00861048698425,0.0263531208038,0.000676393508911
147,0.0674848556519,0.0328145027161,5.14984130859e-05,0.00821280479431,0.0257313251495,0.000674724578857
148,0.0679404735565,0.0329985618591,5.19752502441e-05,0.00821256637573,0.0260324478149,0.00064492225647
149,0.0664274692535,0.0328464508057,5.12599945068e-05,0.00811266899109,0.0247676372528,0.000649452209473
150,0.0679214000702,0.0329983234406,5.03063201904e-05,0.00833415985107,0.0258946418762,0.000643968582153
151,0.0672101974487,0.0327954292297,5.14984130859e-05,0.00810050964355,0.0256032943726,0.000659465789795
152,0.0681190490723,0.0329623222351,5.05447387695e-05,0.0082745552063,0.0261840820312,0.00064754486084
153,0.0682048797607,0.0329570770264,5.00679016113e-05,0.00864720344543,0.0258727073669,0.000677824020386
154,0.067400932312,0.0330517292023,5.55515289307e-05,0.0081250667572,0.025505065918,0.00066351890564
155,0.0672945976257,0.0329837799072,6.38961791992e-05,0.00811862945557,0.0254755020142,0.00065279006958
156,0.0679922103882,0.0329613685608,9.22679901123e-05,0.00823760032654,0.0260410308838,0.000659942626953
157,0.0666949748993,0.0330066680908,5.05447387695e-05,0.00814199447632,0.0247955322266,0.000700235366821
158,0.0672101974487,0.0330822467804,5.05447387695e-05,0.0081787109375,0.0252196788788,0.000679016113281
159,0.0670700073242,0.0330059528351,5.22136688232e-05,0.00805187225342,0.0253021717072,0.000657796859741
160,0.0677962303162,0.0330214500427,5.07831573486e-05,0.00857853889465,0.0254390239716,0.000706434249878
161,0.0669918060303,0.0330669879913,5.03063201904e-05,0.00804209709167,0.025191783905,0.000640630722046
162,0.0678210258484,0.0331468582153,5.29289245605e-05,0.00818729400635,0.0258016586304,0.000632286071777
163,0.0664324760437,0.0328764915466,0.000148296356201,0.00787210464478,0.0247757434845,0.000759840011597
164,0.0673637390137,0.0329375267029,5.07831573486e-05,0.00806999206543,0.0256485939026,0.000656843185425
165,0.0668225288391,0.0329449176788,5.05447387695e-05,0.00802946090698,0.0251586437225,0.000638961791992
166,0.0670433044434,0.03289103508,5.14984130859e-05,0.00821924209595,0.0252249240875,0.000656604766846
167,0.0659923553467,0.0329961776733,5.1736831665e-05,0.00797533988953,0.0243289470673,0.000640153884888
168,0.0667977333069,0.0329024791718,4.86373901367e-05,0.00803852081299,0.0251688957214,0.000639200210571
169,0.0664112567902,0.0331344604492,4.98294830322e-05,0.0077497959137,0.0246262550354,0.000850915908813
170,0.0664417743683,0.0331213474274,5.07831573486e-05,0.00783014297485,0.0247874259949,0.000652074813843
171,0.0665156841278,0.0328929424286,5.1736831665e-05,0.00792956352234,0.0249803066254,0.000661134719849
172,0.0669538974762,0.0331025123596,6.17504119873e-05,0.00789833068848,0.0250313282013,0.000859975814819
173,0.0665004253387,0.0328280925751,5.10215759277e-05,0.00800132751465,0.0249361991882,0.000683784484863
174,0.0668873786926,0.0328705310822,5.05447387695e-05,0.00801706314087,0.0252864360809,0.000662803649902
175,0.0669972896576,0.0329327583313,5.12599945068e-05,0.00805950164795,0.0253090858459,0.000644683837891
176,0.066591501236,0.0329124927521,5.19752502441e-05,0.00780415534973,0.0249700546265,0.000852823257446
177,0.0663456916809,0.0332818031311,6.03199005127e-05,0.00798654556274,0.0243709087372,0.000646114349365
178,0.0669088363647,0.0329954624176,4.86373901367e-05,0.00816464424133,0.0250246524811,0.000675439834595
179,0.0667378902435,0.0329837799072,5.36441802979e-05,0.00806307792664,0.0249841213226,0.000653266906738
180,0.0672483444214,0.0328514575958,6.38961791992e-05,0.00807523727417,0.0255968570709,0.00066089630127
181,0.0664751529694,0.0327582359314,5.03063201904e-05,0.00793766975403,0.0250804424286,0.000648498535156
182,0.0669009685516,0.032989025116,5.19752502441e-05,0.0080714225769,0.0251355171204,0.000653028488159
183,0.0658001899719,0.0329434871674,5.12599945068e-05,0.0078592300415,0.0242969989777,0.000649213790894
184,0.0668358802795,0.0329928398132,5.31673431396e-05,0.00804591178894,0.0248961448669,0.000847816467285
185,0.066239118576,0.0327024459839,5.29289245605e-05,0.0079402923584,0.0248856544495,0.000657796859741
186,0.0654892921448,0.0328719615936,5.00679016113e-05,0.00766944885254,0.0242502689362,0.00064754486084
187,0.0655598640442,0.0328803062439,5.29289245605e-05,0.00771808624268,0.0242586135864,0.000649929046631
188,0.0656974315643,0.032931804657,5.1736831665e-05,0.00776219367981,0.0243084430695,0.000643253326416
189,0.0661120414734,0.0330421924591,5.29289245605e-05,0.00777411460876,0.0245981216431,0.000644683837891
190,0.0653731822968,0.0328543186188,5.03063201904e-05,0.00808882713318,0.023948431015,0.000431299209595
191,0.0659160614014,0.0330286026001,5.24520874023e-05,0.0077702999115,0.0244009494781,0.000663757324219
192,0.0671532154083,0.0333647727966,5.31673431396e-05,0.00792908668518,0.0251486301422,0.000657558441162
193,0.0664768218994,0.0328376293182,5.12599945068e-05,0.00788474082947,0.0248126983643,0.000890493392944
194,0.065732717514,0.032918214798,5.1736831665e-05,0.00773739814758,0.0243630409241,0.000662326812744
195,0.06587266922,0.0329971313477,5.14984130859e-05,0.00774073600769,0.024402141571,0.000681161880493
196,0.0664970874786,0.0331888198853,6.38961791992e-05,0.00776743888855,0.0246279239655,0.000849008560181
197,0.0654113292694,0.0329782962799,5.00679016113e-05,0.00769233703613,0.024049282074,0.000641345977783
198,0.0658333301544,0.0332114696503,4.98294830322e-05,0.00763916969299,0.0240926742554,0.000840187072754
199,0.065554857254,0.0328743457794,4.98294830322e-05,0.00781345367432,0.024409532547,0.000407695770264
200,0.0652799606323,0.0330483913422,5.07831573486e-05,0.00768208503723,0.0240898132324,0.000408887863159
201,0.0650916099548,0.0329728126526,5.31673431396e-05,0.00752878189087,0.02388048172,0.000656366348267
202,0.0653064250946,0.0329837799072,5.07831573486e-05,0.00758862495422,0.0240392684937,0.000643968582153
203,0.0651957988739,0.0328991413116,5.19752502441e-05,0.00770473480225,0.0241329669952,0.000406980514526
204,0.0656650066376,0.0331690311432,5.07831573486e-05,0.00774216651917,0.024295091629,0.000407934188843
205,0.0653629302979,0.0329511165619,5.12599945068e-05,0.00789952278137,0.024053812027,0.000407218933105
206,0.0644791126251,0.0330872535706,5.22136688232e-05,0.00749468803406,0.0234336853027,0.00041127204895
207,0.0639326572418,0.0325074195862,5.12599945068e-05,0.00770020484924,0.0232625007629,0.00041127204895
208,0.0636603832245,0.0324993133545,5.05447387695e-05,0.0074770450592,0.0232214927673,0.000411987304688
209,0.0646872520447,0.0325467586517,5.10215759277e-05,0.00766277313232,0.0240104198456,0.000416278839111
210,0.0643260478973,0.0326800346375,5.1736831665e-05,0.00739502906799,0.0235512256622,0.000648021697998
211,0.0649263858795,0.0325665473938,5.34057617188e-05,0.00780701637268,0.0240733623505,0.000426054000854
212,0.064323425293,0.0327517986298,5.22136688232e-05,0.00766658782959,0.0234231948853,0.000429630279541
213,0.0635485649109,0.0325248241425,5.24520874023e-05,0.00751399993896,0.0230491161346,0.000408172607422
214,0.0648431777954,0.03253865242,5.24520874023e-05,0.00777006149292,0.0240700244904,0.000411987304688
215,0.0644147396088,0.0323884487152,5.22136688232e-05,0.00780701637268,0.0237553119659,0.000411748886108
216,0.0651965141296,0.0324902534485,5.14984130859e-05,0.00794076919556,0.0242998600006,0.000414133071899
217,0.0640556812286,0.0322961807251,6.15119934082e-05,0.00784659385681,0.0234184265137,0.000432968139648
218,0.0621185302734,0.0303144454956,5.1736831665e-05,0.00757312774658,0.0237078666687,0.000471353530884
219,0.0648407936096,0.0324001312256,5.34057617188e-05,0.00775980949402,0.0242033004761,0.000424146652222
220,0.0640439987183,0.0325105190277,5.22136688232e-05,0.00738286972046,0.0234806537628,0.000617742538452
221,0.0670037269592,0.0325586795807,5.41210174561e-05,0.00823998451233,0.0257437229156,0.000407218933105
222,0.0669631958008,0.0324506759644,5.53131103516e-05,0.00825810432434,0.025787115097,0.000411987304688
223,0.0659432411194,0.0325939655304,5.41210174561e-05,0.00791668891907,0.0249319076538,0.000446557998657
224,0.0685918331146,0.0328829288483,5.24520874023e-05,0.00870728492737,0.0262889862061,0.000660181045532
225,0.0657367706299,0.03271484375,4.88758087158e-05,0.00790977478027,0.0246527194977,0.000410556793213
226,0.0663325786591,0.0328669548035,5.10215759277e-05,0.00801777839661,0.0249917507172,0.000405073165894
227,0.067967414856,0.0328981876373,5.22136688232e-05,0.0082859992981,0.0263199806213,0.000411033630371
228,0.0653812885284,0.032947063446,5.00679016113e-05,0.00769019126892,0.0242865085602,0.000407457351685
229,0.0675659179688,0.0329637527466,5.05447387695e-05,0.00824069976807,0.0259013175964,0.000409603118896
230,0.0670731067657,0.033100605011,5.14984130859e-05,0.00827527046204,0.0252161026001,0.000429630279541
231,0.068350315094,0.0330965518951,5.14984130859e-05,0.00864124298096,0.0259265899658,0.000634431838989
232,0.0673563480377,0.0329740047455,5.41210174561e-05,0.00812602043152,0.0257930755615,0.000409126281738
233,0.0673034191132,0.0328919887543,5.12599945068e-05,0.00816917419434,0.0257794857025,0.000411510467529
234,0.0672702789307,0.0329105854034,5.34057617188e-05,0.00817799568176,0.0257172584534,0.000411033630371
235,0.0669701099396,0.0329279899597,5.12599945068e-05,0.00805306434631,0.0255274772644,0.000410318374634
236,0.066552400589,0.0328140258789,5.24520874023e-05,0.00811696052551,0.025134563446,0.000434398651123
237,0.0711348056793,0.032701253891,5.65052032471e-05,0.00894689559937,0.0285708904266,0.000859260559082
238,0.0673179626465,0.0329365730286,5.34057617188e-05,0.00855565071106,0.0253415107727,0.000430822372437
239,0.0671219825745,0.032945394516,5.10215759277e-05,0.00824642181396,0.025443315506,0.000435829162598
240,0.0668518543243,0.0328502655029,5.29289245605e-05,0.00810194015503,0.0254299640656,0.00041675567627
241,0.0679111480713,0.0328533649445,5.03063201904e-05,0.00838422775269,0.0262064933777,0.00041675567627
242,0.0712997913361,0.0329172611237,5.24520874023e-05,0.00894117355347,0.0285067558289,0.000882148742676
243,0.0705988407135,0.0328419208527,5.10215759277e-05,0.00884485244751,0.0282106399536,0.000650405883789
244,0.0657906532288,0.0324790477753,5.1736831665e-05,0.00804257392883,0.024808883667,0.000408411026001
245,0.0670170783997,0.0328559875488,5.8650970459e-05,0.00812888145447,0.0255615711212,0.000411987304688
246,0.0667960643768,0.0326726436615,5.3882598877e-05,0.00810122489929,0.0253427028656,0.000625610351562
247,0.0709178447723,0.0325956344604,5.43594360352e-05,0.00894594192505,0.0284407138824,0.000881195068359
248,0.0672881603241,0.0330970287323,4.9352645874e-05,0.00823044776917,0.0254867076874,0.00042462348938
249,0.0667295455933,0.0330300331116,5.19752502441e-05,0.00802254676819,0.0252187252045,0.000406265258789
250,0.0667524337769,0.0329065322876,5.10215759277e-05,0.00805926322937,0.0253207683563,0.000414848327637
251,0.0679178237915,0.0341551303864,5.26905059814e-05,0.00818490982056,0.025114774704,0.000410318374634
252,0.066593170166,0.0331075191498,5.1736831665e-05,0.00812530517578,0.0249035358429,0.000405073165894
253,0.0671751499176,0.0328245162964,5.31673431396e-05,0.00822925567627,0.0256304740906,0.00043773651123
254,0.0666515827179,0.0329051017761,5.07831573486e-05,0.00800967216492,0.0252742767334,0.000411748886108
255,0.0674407482147,0.0327503681183,5.12599945068e-05,0.00817894935608,0.0258419513702,0.00061821937561
256,0.0683488845825,0.0328960418701,4.91142272949e-05,0.00835013389587,0.0262017250061,0.00085186958313
257,0.0713548660278,0.0329313278198,5.14984130859e-05,0.00903987884521,0.028470993042,0.000861167907715
258,0.070408821106,0.033007144928,5.26905059814e-05,0.00878095626831,0.0280790328979,0.000488996505737
259,0.0708923339844,0.0329210758209,5.24520874023e-05,0.00885891914368,0.0283915996552,0.000668287277222
260,0.0686948299408,0.0329637527466,5.22136688232e-05,0.00832104682922,0.0264940261841,0.000863790512085
261,0.0678579807281,0.0327613353729,5.1736831665e-05,0.00820922851562,0.0261824131012,0.000653266906738
262,0.0722088813782,0.0329887866974,5.12599945068e-05,0.0092248916626,0.0290739536285,0.000869989395142
263,0.0680601596832,0.0329432487488,6.38961791992e-05,0.00817227363586,0.0260181427002,0.000862598419189
264,0.06658411026,0.0331263542175,6.48498535156e-05,0.00790667533875,0.0248379707336,0.000648260116577
265,0.0684022903442,0.0329833030701,5.41210174561e-05,0.0083167552948,0.0261788368225,0.000869274139404
266,0.0706493854523,0.0328438282013,5.24520874023e-05,0.00896430015564,0.0280256271362,0.000763177871704
267,0.0676815509796,0.0328814983368,5.41210174561e-05,0.00814032554626,0.0257360935211,0.000869512557983
268,0.0705387592316,0.0335321426392,5.24520874023e-05,0.0088357925415,0.0274639129639,0.000654458999634
269,0.0666944980621,0.0332922935486,5.36441802979e-05,0.00810050964355,0.0245862007141,0.000661849975586
270,0.0709257125854,0.0331599712372,5.14984130859e-05,0.00884008407593,0.0280230045319,0.000851154327393
271,0.0670804977417,0.0329899787903,5.10215759277e-05,0.00795364379883,0.025205373764,0.000880479812622
272,0.0717725753784,0.033154964447,5.22136688232e-05,0.00931572914124,0.0283558368683,0.000893831253052
273,0.0686106681824,0.0333948135376,5.43594360352e-05,0.00823831558228,0.0260515213013,0.000871658325195
274,0.0693531036377,0.0333437919617,5.22136688232e-05,0.00836944580078,0.0264871120453,0.00110054016113
275,0.0724637508392,0.0332288742065,5.14984130859e-05,0.00903534889221,0.0290315151215,0.00111651420593
276,0.0695445537567,0.0330402851105,5.07831573486e-05,0.0083966255188,0.0269706249237,0.00108623504639
277,0.0719728469849,0.0331196784973,5.45978546143e-05,0.00903391838074,0.028678894043,0.00108575820923
278,0.0672755241394,0.0334551334381,5.3882598877e-05,0.00801944732666,0.0250008106232,0.000746250152588
279,0.067729473114,0.0328242778778,4.86373901367e-05,0.00822734832764,0.0260043144226,0.000624895095825
280,0.0674903392792,0.0329780578613,5.1736831665e-05,0.00808167457581,0.0257487297058,0.000630140304565
281,0.0708439350128,0.0329210758209,5.24520874023e-05,0.00888276100159,0.0283625125885,0.000625133514404
282,0.072155714035,0.0329511165619,5.03063201904e-05,0.00905609130859,0.0292518138885,0.000846385955811
283,0.0727844238281,0.0332593917847,5.07831573486e-05,0.00922989845276,0.0293996334076,0.000844717025757
284,0.0685946941376,0.0328562259674,5.03063201904e-05,0.00832796096802,0.0265209674835,0.000839233398438
285,0.0680530071259,0.0329110622406,4.95910644531e-05,0.00833511352539,0.0261397361755,0.000617504119873
286,0.0663208961487,0.0320875644684,5.1736831665e-05,0.00813364982605,0.0253541469574,0.000693798065186
287,0.0721302032471,0.0330502986908,5.05447387695e-05,0.00898098945618,0.0289797782898,0.00106859207153
288,0.0727307796478,0.0331180095673,5.26905059814e-05,0.00913572311401,0.0295381546021,0.000886201858521
289,0.0695929527283,0.0334115028381,5.12599945068e-05,0.00846815109253,0.0265324115753,0.00112962722778
290,0.0691041946411,0.0332996845245,5.22136688232e-05,0.00815200805664,0.0263030529022,0.00129723548889
291,0.0712516307831,0.0329883098602,6.07967376709e-05,0.00888013839722,0.0282547473907,0.00106763839722
292,0.0734601020813,0.0334501266479,4.83989715576e-05,0.00909328460693,0.0299398899078,0.000928401947021
293,0.0723164081573,0.033047914505,5.29289245605e-05,0.00908350944519,0.0290498733521,0.00108218193054
294,0.0721912384033,0.0331027507782,5.41210174561e-05,0.00899815559387,0.0289626121521,0.00107359886169
295,0.0722489356995,0.0330698490143,5.22136688232e-05,0.00897932052612,0.0288372039795,0.00131034851074
296,0.0691783428192,0.0331735610962,5.1736831665e-05,0.0084228515625,0.026350736618,0.00117945671082
297,0.0682654380798,0.0330202579498,5.50746917725e-05,0.00812673568726,0.0259830951691,0.00108027458191
298,0.0687475204468,0.0331382751465,5.1736831665e-05,0.00818490982056,0.0260846614838,0.00128793716431
299,0.0737240314484,0.0331847667694,9.6321105957e-05,0.00968623161316,0.0298504829407,0.000906229019165
300,0.0724394321442,0.0331354141235,5.07831573486e-05,0.00905227661133,0.0288729667664,0.0013279914856
301,0.0687210559845,0.0335831642151,5.12599945068e-05,0.00820899009705,0.0255453586578,0.00133228302002
302,0.0726852416992,0.0330231189728,5.12599945068e-05,0.00904130935669,0.0292720794678,0.00129747390747
303,0.0675981044769,0.0330111980438,5.31673431396e-05,0.00801992416382,0.0254247188568,0.00108909606934
304,0.0689430236816,0.0331110954285,5.1736831665e-05,0.00822758674622,0.0264344215393,0.00111818313599
305,0.0690829753876,0.0329346656799,5.29289245605e-05,0.00819325447083,0.0265774726868,0.00132465362549
306,0.0684432983398,0.0324993133545,4.95910644531e-05,0.00832271575928,0.0266163349152,0.00095534324646
307,0.0696661472321,0.0331363677979,5.12599945068e-05,0.00830006599426,0.0272564888,0.000921964645386
308,0.0684542655945,0.032984495163,5.50746917725e-05,0.00831365585327,0.026451587677,0.000649452209473
309,0.0675172805786,0.0329160690308,5.22136688232e-05,0.00797009468079,0.025475025177,0.00110387802124
310,0.0675699710846,0.0331542491913,5.24520874023e-05,0.00801062583923,0.0252690315247,0.00108361244202
311,0.0724568367004,0.0330312252045,5.19752502441e-05,0.00916504859924,0.0293288230896,0.000879764556885
312,0.0685658454895,0.0329184532166,6.46114349365e-05,0.00789546966553,0.0263605117798,0.0013267993927
313,0.0670909881592,0.0329320430756,5.29289245605e-05,0.00792860984802,0.0253119468689,0.000865459442139
314,0.0692353248596,0.0330617427826,5.24520874023e-05,0.00853586196899,0.0265002250671,0.00108504295349
315,0.0670108795166,0.0328795909882,5.36441802979e-05,0.00800800323486,0.0254261493683,0.000643491744995
316,0.0671579837799,0.0328886508942,5.22136688232e-05,0.00788426399231,0.0252294540405,0.00110340118408
317,0.0675921440125,0.0328862667084,5.31673431396e-05,0.00806927680969,0.0255119800568,0.00107145309448
318,0.0678291320801,0.0330889225006,4.98294830322e-05,0.00832486152649,0.0257091522217,0.000656366348267
319,0.0667171478271,0.0328888893127,5.10215759277e-05,0.00787305831909,0.0245938301086,0.00131034851074
320,0.0666863918304,0.0318830013275,4.91142272949e-05,0.00799250602722,0.0255727767944,0.00118899345398
321,0.06760597229,0.0328493118286,5.19752502441e-05,0.0079562664032,0.0256376266479,0.00111079216003
322,0.0672078132629,0.0329649448395,5.14984130859e-05,0.00816512107849,0.0253753662109,0.000650882720947
323,0.0678346157074,0.0329055786133,5.1736831665e-05,0.00828981399536,0.025933265686,0.000654220581055
324,0.0681660175323,0.0329804420471,5.05447387695e-05,0.00844144821167,0.026034116745,0.000659465789795
325,0.0666172504425,0.0327980518341,5.36441802979e-05,0.00793957710266,0.0251505374908,0.000675439834595
326,0.0675003528595,0.0330994129181,5.12599945068e-05,0.0079402923584,0.0256588459015,0.000750541687012
327,0.0668303966522,0.0329692363739,5.10215759277e-05,0.00813317298889,0.0250201225281,0.000656843185425
328,0.0659766197205,0.0330955982208,5.05447387695e-05,0.00792264938354,0.0242629051208,0.00064492225647
329,0.0665242671967,0.0329549312592,5.1736831665e-05,0.00789403915405,0.024911403656,0.000712156295776
330,0.0671544075012,0.0330476760864,5.43594360352e-05,0.00810790061951,0.0252974033356,0.000647068023682
331,0.0670642852783,0.0329344272614,6.38961791992e-05,0.0080189704895,0.0253956317902,0.000651359558105
332,0.067533493042,0.032984495163,5.29289245605e-05,0.00804305076599,0.0257723331451,0.000680685043335
333,0.0663738250732,0.0329415798187,5.31673431396e-05,0.00797700881958,0.024706363678,0.000695705413818
334,0.0667788982391,0.033073425293,5.10215759277e-05,0.00814771652222,0.0248236656189,0.000683069229126
335,0.0671198368073,0.033075094223,5.24520874023e-05,0.00817942619324,0.0251615047455,0.000651359558105
336,0.0664513111115,0.0329124927521,5.34057617188e-05,0.0079026222229,0.0248084068298,0.000774383544922
337,0.0674488544464,0.0329477787018,7.0333480835e-05,0.00813293457031,0.0256330966949,0.000664710998535
338,0.0667135715485,0.0329082012177,5.10215759277e-05,0.00797247886658,0.0251030921936,0.000678777694702
339,0.0657346248627,0.0328643321991,5.19752502441e-05,0.00777959823608,0.0243916511536,0.000647068023682
340,0.0658841133118,0.0329406261444,5.19752502441e-05,0.00792503356934,0.0242850780487,0.000681400299072
341,0.0664777755737,0.0330357551575,5.34057617188e-05,0.00807547569275,0.0246233940125,0.000689744949341
342,0.066698551178,0.0331702232361,5.19752502441e-05,0.00806951522827,0.0247621536255,0.000644683837891
343,0.0663392543793,0.0327718257904,5.19752502441e-05,0.00798177719116,0.0248508453369,0.000682830810547
344,0.0657224655151,0.03298163414,5.12599945068e-05,0.00771474838257,0.02423787117,0.000736951828003
345,0.0656309127808,0.0329837799072,5.24520874023e-05,0.0076105594635,0.024126291275,0.000857830047607
346,0.0664479732513,0.03297996521,5.14984130859e-05,0.00793147087097,0.0248281955719,0.000656843185425
347,0.0654518604279,0.0331099033356,5.31673431396e-05,0.00742197036743,0.0236871242523,0.00117969512939
348,0.0661790370941,0.032808303833,4.98294830322e-05,0.00802278518677,0.0246410369873,0.000657081604004
349,0.0650730133057,0.033029794693,5.05447387695e-05,0.00775265693665,0.0235900878906,0.000649929046631
350,0.0664427280426,0.0329782962799,5.10215759277e-05,0.00805306434631,0.0247142314911,0.000646114349365
351,0.0647039413452,0.0329885482788,5.1736831665e-05,0.00741481781006,0.0234034061432,0.000845432281494
352,0.0657095909119,0.0330843925476,5.10215759277e-05,0.00776314735413,0.0239570140839,0.000854015350342
353,0.0653393268585,0.0328750610352,5.34057617188e-05,0.00763177871704,0.0241334438324,0.000645637512207
354,0.0653076171875,0.0328919887543,5.22136688232e-05,0.00762319564819,0.0238897800446,0.000850439071655
355,0.0649046897888,0.0319759845734,4.86373901367e-05,0.00770044326782,0.0243313312531,0.000848293304443
356,0.0643122196198,0.0329728126526,9.84668731689e-05,0.00725364685059,0.0231292247772,0.000858068466187
357,0.0645544528961,0.0335023403168,5.14984130859e-05,0.00729656219482,0.0228450298309,0.000859022140503
358,0.0643303394318,0.0330095291138,5.10215759277e-05,0.00730109214783,0.0231237411499,0.000844955444336
359,0.0648527145386,0.0330257415771,5.14984130859e-05,0.00741934776306,0.0234997272491,0.000856399536133
360,0.0652003288269,0.0330729484558,4.83989715576e-05,0.00750470161438,0.023725271225,0.000849008560181
361,0.0651271343231,0.0329415798187,5.05447387695e-05,0.00748682022095,0.023756980896,0.000891208648682
362,0.0642101764679,0.0330383777618,5.05447387695e-05,0.00718450546265,0.0230617523193,0.000874996185303
363,0.0647249221802,0.0329303741455,5.1736831665e-05,0.00730848312378,0.0233721733093,0.0010621547699
364,0.0624887943268,0.0329611301422,5.10215759277e-05,0.00688934326172,0.0217280387878,0.000859260559082
365,0.0642900466919,0.0329482555389,5.31673431396e-05,0.00732803344727,0.0231046676636,0.000855922698975
366,0.0636923313141,0.0328106880188,5.14984130859e-05,0.00715446472168,0.0227813720703,0.00089430809021
367,0.0628318786621,0.0329477787018,5.03063201904e-05,0.00694942474365,0.022022485733,0.000861883163452
368,0.0629899501801,0.0330801010132,5.07831573486e-05,0.00698494911194,0.0220148563385,0.000859260559082
369,0.0618901252747,0.0329623222351,5.26905059814e-05,0.00702381134033,0.0209805965424,0.000870704650879
370,0.0599513053894,0.0307440757751,4.98294830322e-05,0.00682592391968,0.0214767456055,0.000854730606079
371,0.0616593360901,0.0328681468964,5.05447387695e-05,0.00673174858093,0.0211610794067,0.000847816467285
372,0.0623042583466,0.0331552028656,5.26905059814e-05,0.00679969787598,0.021436214447,0.000860452651978
373,0.0641143321991,0.0338976383209,5.55515289307e-05,0.00708484649658,0.0222229957581,0.000853300094604
374,0.0621995925903,0.0328433513641,5.10215759277e-05,0.00692629814148,0.0215218067169,0.00085711479187
375,0.0609610080719,0.0330338478088,5.07831573486e-05,0.00660037994385,0.0203759670258,0.000900030136108
376,0.0633068084717,0.0330317020416,5.03063201904e-05,0.00698518753052,0.0221469402313,0.00109267234802
377,0.0592861175537,0.0329148769379,5.10215759277e-05,0.00618004798889,0.0192763805389,0.000863790512085
378,0.0605399608612,0.0329763889313,5.12599945068e-05,0.00647711753845,0.0201809406281,0.000854253768921
379,0.0602841377258,0.0328805446625,5.07831573486e-05,0.00638389587402,0.0201060771942,0.000862836837769
380,0.0618369579315,0.0344486236572,5.29289245605e-05,0.00648665428162,0.0199949741364,0.000853776931763
381,0.0626237392426,0.0327749252319,5.45978546143e-05,0.00685691833496,0.022082567215,0.000854730606079
382,0.0617659091949,0.0329580307007,5.1736831665e-05,0.00667786598206,0.0210003852844,0.00107789039612
383,0.0629193782806,0.0327751636505,5.00679016113e-05,0.00709533691406,0.022120475769,0.00087833404541
384,0.0617020130157,0.0329651832581,5.12599945068e-05,0.00673389434814,0.0210757255554,0.000875949859619
385,0.063271522522,0.0329184532166,6.3419342041e-05,0.00693511962891,0.0222704410553,0.00108408927917
386,0.0596482753754,0.0329647064209,5.03063201904e-05,0.00619840621948,0.0195808410645,0.000854015350342
387,0.0625190734863,0.0329401493073,5.05447387695e-05,0.00689387321472,0.0217859745026,0.000848531723022
388,0.0602231025696,0.032910823822,5.29289245605e-05,0.00651693344116,0.0198822021484,0.000860214233398
389,0.061811208725,0.032919883728,5.14984130859e-05,0.00674796104431,0.0212368965149,0.000854969024658
390,0.0602469444275,0.0328931808472,5.07831573486e-05,0.00638937950134,0.0200338363647,0.000879764556885
391,0.0601005554199,0.0328056812286,5.14984130859e-05,0.00638246536255,0.0199809074402,0.000880002975464
392,0.0601756572723,0.0307726860046,4.98294830322e-05,0.00680589675903,0.0216805934906,0.000866651535034
393,0.061897277832,0.0329673290253,5.19752502441e-05,0.00690817832947,0.0211095809937,0.000860214233398
394,0.0624659061432,0.0331881046295,5.19752502441e-05,0.00682473182678,0.0215444564819,0.000856637954712
395,0.0610806941986,0.0329887866974,5.05447387695e-05,0.00656986236572,0.020622253418,0.00084924697876
396,0.0598034858704,0.0331892967224,5.3882598877e-05,0.0062837600708,0.0193724632263,0.000904083251953
397,0.0634818077087,0.0330066680908,5.1736831665e-05,0.00703716278076,0.0225100517273,0.000876188278198
398,0.0626859664917,0.0328760147095,5.10215759277e-05,0.00682234764099,0.0220575332642,0.000879049301147
399,0.0588083267212,0.0329892635345,5.05447387695e-05,0.00605535507202,0.0187511444092,0.000962018966675
400,0.0585899353027,0.0327847003937,5.31673431396e-05,0.00604391098022,0.0188355445862,0.000872611999512
401,0.0599489212036,0.0328459739685,5.19752502441e-05,0.00640869140625,0.019758939743,0.000883340835571
402,0.0593218803406,0.0330381393433,5.03063201904e-05,0.00629186630249,0.0190439224243,0.000897645950317
403,0.0622775554657,0.0328848361969,5.19752502441e-05,0.00683355331421,0.0216379165649,0.000869274139404
404,0.0609111785889,0.0330324172974,8.82148742676e-05,0.00645208358765,0.020468711853,0.000869750976562
405,0.0620491504669,0.0328221321106,5.24520874023e-05,0.0067732334137,0.0214233398438,0.000977993011475
406,0.0598735809326,0.0329484939575,5.29289245605e-05,0.0063738822937,0.0196239948273,0.000874280929565
407,0.0597429275513,0.0307412147522,5.10215759277e-05,0.00685691833496,0.0212388038635,0.000854969024658
408,0.062433719635,0.0330832004547,5.26905059814e-05,0.00698232650757,0.0214269161224,0.000888586044312
409,0.0618889331818,0.0329644680023,4.95910644531e-05,0.00689816474915,0.0211148262024,0.000861883163452
410,0.0608768463135,0.0331695079803,5.1736831665e-05,0.0064172744751,0.0203776359558,0.000860691070557
411,0.0604441165924,0.032883644104,8.96453857422e-05,0.00637817382812,0.0202388763428,0.000853776931763
412,0.0586295127869,0.0328888893127,5.22136688232e-05,0.00605010986328,0.0187964439392,0.000841856002808
413,0.0601191520691,0.0328116416931,5.24520874023e-05,0.00624823570251,0.0201442241669,0.000862598419189
414,0.0617702007294,0.0329508781433,5.19752502441e-05,0.00669765472412,0.0212171077728,0.000852584838867
415,0.0598165988922,0.0328023433685,6.62803649902e-05,0.0063009262085,0.0197615623474,0.000885486602783
416,0.0612502098083,0.0329556465149,5.22136688232e-05,0.00661063194275,0.0207777023315,0.000854015350342
417,0.0585222244263,0.0329048633575,5.24520874023e-05,0.00601196289062,0.0186901092529,0.000862836837769
418,0.0610682964325,0.0329241752625,5.36441802979e-05,0.00657153129578,0.0206599235535,0.000859022140503
419,0.0592443943024,0.0328059196472,5.24520874023e-05,0.00617671012878,0.019359588623,0.000849723815918
420,0.063138961792,0.0330364704132,6.12735748291e-05,0.00703954696655,0.0219264030457,0.00107526779175
421,0.0601890087128,0.0330121517181,5.12599945068e-05,0.00648403167725,0.0197691917419,0.000872373580933
422,0.0600244998932,0.0330164432526,5.14984130859e-05,0.00647330284119,0.0196189880371,0.000864267349243
423,0.0585341453552,0.0328733921051,5.22136688232e-05,0.00597238540649,0.0186793804169,0.000956773757935
424,0.0586342811584,0.0328271389008,5.19752502441e-05,0.00598573684692,0.0189204216003,0.000849008560181
425,0.0621378421783,0.032862663269,5.07831573486e-05,0.00696706771851,0.021381855011,0.000875473022461
426,0.0608034133911,0.0329873561859,5.10215759277e-05,0.00661897659302,0.0202925205231,0.000853538513184
427,0.0593225955963,0.0329780578613,5.12599945068e-05,0.00635981559753,0.0190422534943,0.000891208648682
428,0.0631456375122,0.0328884124756,5.12599945068e-05,0.00744724273682,0.0218641757965,0.000894546508789
429,0.0606515407562,0.0330102443695,5.05447387695e-05,0.00651383399963,0.020227432251,0.000849485397339
430,0.0611245632172,0.0329618453979,5.26905059814e-05,0.00635528564453,0.0208411216736,0.000913619995117
431,0.0607988834381,0.032888174057,5.12599945068e-05,0.00652289390564,0.0204617977142,0.000874757766724
432,0.0606803894043,0.0329811573029,4.95910644531e-05,0.00643277168274,0.0203545093536,0.00086236000061
433,0.0590727329254,0.0329096317291,5.10215759277e-05,0.00619792938232,0.01904296875,0.000871181488037
434,0.0590665340424,0.0330543518066,5.07831573486e-05,0.00604033470154,0.0190646648407,0.000856399536133
435,0.0581758022308,0.0324490070343,5.1736831665e-05,0.00618386268616,0.0186145305634,0.000876665115356
436,0.0599231719971,0.0322890281677,5.14984130859e-05,0.00640892982483,0.0202760696411,0.000897645950317
437,0.0621287822723,0.0330681800842,4.9352645874e-05,0.00680756568909,0.0213491916656,0.0008544921875
438,0.0591268539429,0.0330741405487,5.07831573486e-05,0.00605130195618,0.0191013813019,0.00084924697876
439,0.0624325275421,0.0328900814056,5.03063201904e-05,0.00690507888794,0.0216891765594,0.000897884368896
440,0.0604469776154,0.0329537391663,5.41210174561e-05,0.00638222694397,0.0202069282532,0.000849962234497
441,0.0618176460266,0.0327410697937,4.98294830322e-05,0.00692176818848,0.0212240219116,0.00088095664978
442,0.0601477622986,0.032933473587,6.24656677246e-05,0.0064845085144,0.0198147296906,0.000852584838867
443,0.0628085136414,0.0329093933105,5.14984130859e-05,0.00737428665161,0.0216085910797,0.000864744186401
444,0.0588533878326,0.0307297706604,5.1736831665e-05,0.00655937194824,0.0206425189972,0.000869989395142
445,0.0586123466492,0.032867193222,5.00679016113e-05,0.00599265098572,0.0188498497009,0.000852584838867
446,0.0620565414429,0.032928943634,5.12599945068e-05,0.00678014755249,0.0214447975159,0.000851392745972
447,0.0623002052307,0.0327687263489,5.12599945068e-05,0.00692653656006,0.0216763019562,0.000877380371094
448,0.0598216056824,0.0329647064209,5.10215759277e-05,0.00628900527954,0.0196287631989,0.000888109207153
449,0.0587675571442,0.0328497886658,5.10215759277e-05,0.00612235069275,0.0188975334167,0.000846862792969
450,0.059086561203,0.0329558849335,5.03063201904e-05,0.00615477561951,0.0190801620483,0.000845432281494
451,0.0635404586792,0.0330324172974,5.10215759277e-05,0.00725245475769,0.0223422050476,0.00086236000061
452,0.0589652061462,0.030823469162,5.1736831665e-05,0.00655031204224,0.020587682724,0.000952005386353
453,0.0607168674469,0.0328845977783,5.14984130859e-05,0.00650310516357,0.0204288959503,0.000848770141602
454,0.0592784881592,0.0330579280853,5.29289245605e-05,0.00610685348511,0.0192034244537,0.000857353210449
455,0.0606067180634,0.0331237316132,5.00679016113e-05,0.00641489028931,0.0201144218445,0.000903606414795
456,0.061755657196,0.0330097675323,5.43594360352e-05,0.0068244934082,0.0210041999817,0.000862836837769
457,0.0608716011047,0.0329608917236,5.24520874023e-05,0.00656127929688,0.0204391479492,0.000857830047607
458,0.0632727146149,0.0331530570984,5.05447387695e-05,0.00681471824646,0.0223772525787,0.000877141952515
459,0.0603897571564,0.0326428413391,5.67436218262e-05,0.00649094581604,0.0203053951263,0.000893831253052
460,0.0590822696686,0.033082485199,5.1736831665e-05,0.00604128837585,0.019054889679,0.00085186958313
461,0.0602424144745,0.0330238342285,4.91142272949e-05,0.00641632080078,0.0198686122894,0.000884532928467
462,0.0608520507812,0.0330936908722,5.31673431396e-05,0.00654435157776,0.0203070640564,0.000853776931763
463,0.0597710609436,0.0330624580383,5.12599945068e-05,0.00622749328613,0.0195686817169,0.000861167907715
464,0.0623636245728,0.032949924469,6.27040863037e-05,0.00685977935791,0.0215899944305,0.000901222229004
465,0.0592956542969,0.0329415798187,5.10215759277e-05,0.00617456436157,0.0192401409149,0.000888347625732
466,0.0602531433105,0.0331425666809,5.14984130859e-05,0.00636577606201,0.0198354721069,0.000857830047607
467,0.0594861507416,0.032918214798,5.24520874023e-05,0.00628709793091,0.0193831920624,0.000845193862915
468,0.0608413219452,0.0329287052155,6.27040863037e-05,0.00651502609253,0.0204641819,0.000870704650879
469,0.0617153644562,0.0329859256744,5.00679016113e-05,0.00676822662354,0.0210599899292,0.000851154327393
470,0.0621347427368,0.0330376625061,5.10215759277e-05,0.00685906410217,0.021333694458,0.000853300094604
471,0.0626037120819,0.0329923629761,5.03063201904e-05,0.00692939758301,0.0217380523682,0.000893592834473
472,0.0594921112061,0.0328774452209,5.12599945068e-05,0.00634956359863,0.0193650722504,0.000848770141602
473,0.0605509281158,0.0330789089203,5.43594360352e-05,0.00680756568909,0.0196342468262,0.000975847244263
474,0.0629379749298,0.0331521034241,5.14984130859e-05,0.00692272186279,0.0219557285309,0.000855922698975
475,0.0627648830414,0.0331273078918,5.00679016113e-05,0.00692319869995,0.0218079090118,0.000856399536133
476,0.0629253387451,0.0330657958984,5.34057617188e-05,0.00692963600159,0.0220160484314,0.000860452651978
477,0.0612564086914,0.0328326225281,6.07967376709e-05,0.00653672218323,0.0207343101501,0.00109195709229
478,0.0598361492157,0.0329248905182,5.31673431396e-05,0.00627589225769,0.0197026729584,0.000879526138306
479,0.0598788261414,0.0330243110657,6.29425048828e-05,0.00626516342163,0.0196559429169,0.0008704662323
480,0.0622909069061,0.0332148075104,5.22136688232e-05,0.00676584243774,0.0213992595673,0.000858783721924
481,0.0575065612793,0.0313746929169,5.03063201904e-05,0.00612306594849,0.0190732479095,0.000885248184204
482,0.0617365837097,0.0331518650055,5.10215759277e-05,0.00668144226074,0.0209965705872,0.000855684280396
483,0.0610349178314,0.0330922603607,5.43594360352e-05,0.00656080245972,0.0204465389252,0.00088095664978
484,0.0597317218781,0.0331208705902,5.26905059814e-05,0.00621676445007,0.0194680690765,0.000873327255249
485,0.0590765476227,0.033171415329,5.03063201904e-05,0.00606203079224,0.0188767910004,0.000916004180908
486,0.0594141483307,0.0329687595367,5.05447387695e-05,0.00617551803589,0.0193703174591,0.000849008560181
487,0.0620074272156,0.0330538749695,5.14984130859e-05,0.0069055557251,0.02113032341,0.000866174697876
488,0.0605735778809,0.0330748558044,5.19752502441e-05,0.00691294670105,0.0196650028229,0.000868797302246
489,0.0575275421143,0.0306706428528,5.26905059814e-05,0.0063169002533,0.0196299552917,0.000857353210449
490,0.0623638629913,0.0329127311707,5.19752502441e-05,0.00686001777649,0.0216469764709,0.000892162322998
491,0.0590572357178,0.0328817367554,5.19752502441e-05,0.00612807273865,0.0191211700439,0.000874280929565
492,0.0631892681122,0.0330345630646,5.29289245605e-05,0.00691056251526,0.0221166610718,0.00107455253601
493,0.0611729621887,0.0329828262329,5.24520874023e-05,0.0065906047821,0.0206899642944,0.00085711479187
494,0.0633082389832,0.0329983234406,5.34057617188e-05,0.00694513320923,0.0222268104553,0.00108456611633
495,0.0606837272644,0.0329732894897,6.103515625e-05,0.0064103603363,0.0203666687012,0.000872373580933
496,0.0625905990601,0.0329372882843,5.12599945068e-05,0.00710391998291,0.0216431617737,0.000854969024658
497,0.0594079494476,0.0331087112427,5.34057617188e-05,0.00627088546753,0.0191133022308,0.000861644744873
498,0.0600545406342,0.0331106185913,4.91142272949e-05,0.0063042640686,0.0197322368622,0.000858306884766
499,0.0623233318329,0.0330817699432,5.12599945068e-05,0.00681400299072,0.021516084671,0.000860214233398
500,0.059779882431,0.0329983234406,5.19752502441e-05,0.00622391700745,0.0196480751038,0.000857591629028
501,0.0620923042297,0.0328512191772,5.00679016113e-05,0.00692200660706,0.0213506221771,0.000918388366699
502,0.0606651306152,0.0329689979553,5.00679016113e-05,0.00645160675049,0.0203385353088,0.000855922698975
503,0.0602374076843,0.0330009460449,5.03063201904e-05,0.00638437271118,0.0199477672577,0.000854015350342
504,0.0610997676849,0.0331475734711,4.83989715576e-05,0.00661730766296,0.0204403400421,0.000846147537231
505,0.0656621456146,0.0328733921051,6.27040863037e-05,0.0069854259491,0.0248568058014,0.000883817672729
506,0.0598468780518,0.0329883098602,5.45978546143e-05,0.00627636909485,0.0196666717529,0.000860929489136
507,0.0626845359802,0.0330903530121,5.00679016113e-05,0.0070469379425,0.0216438770294,0.000853300094604
508,0.0623893737793,0.0330793857574,5.36441802979e-05,0.0068256855011,0.0215775966644,0.000853061676025
509,0.0626580715179,0.032963514328,5.03063201904e-05,0.00693583488464,0.0217940807343,0.000914335250854
510,0.0613627433777,0.0331065654755,5.26905059814e-05,0.00701498985291,0.0203294754028,0.000859022140503
511,0.0606338977814,0.0307276248932,5.26905059814e-05,0.00695109367371,0.0220460891724,0.000856399536133
512,0.0603590011597,0.0331244468689,5.19752502441e-05,0.00632548332214,0.0199711322784,0.000885963439941
513,0.0594155788422,0.0329432487488,5.24520874023e-05,0.00616431236267,0.0194051265717,0.000850439071655
514,0.0631022453308,0.0330584049225,5.19752502441e-05,0.00698184967041,0.022157907486,0.000852108001709
515,0.0604999065399,0.0328688621521,5.12599945068e-05,0.00645112991333,0.0202355384827,0.000893115997314
516,0.0630021095276,0.0327558517456,5.19752502441e-05,0.00698852539062,0.0221185684204,0.0010871887207
517,0.0610029697418,0.032826423645,5.8650970459e-05,0.00644421577454,0.0207750797272,0.000898599624634
518,0.0621719360352,0.0326886177063,5.24520874023e-05,0.00687885284424,0.0216996669769,0.000852346420288
519,0.0589466094971,0.0330152511597,5.07831573486e-05,0.00602579116821,0.0189921855927,0.000862598419189
520,0.0597193241119,0.0330221652985,5.26905059814e-05,0.0062415599823,0.0195462703705,0.000856637954712
521,0.0630259513855,0.032840013504,5.29289245605e-05,0.00694060325623,0.0221090316772,0.00108337402344
522,0.062020778656,0.033064365387,5.19752502441e-05,0.00674271583557,0.0212314128876,0.000930309295654
523,0.0624675750732,0.0330092906952,5.10215759277e-05,0.00681853294373,0.0217425823212,0.000846147537231
524,0.0593423843384,0.0331194400787,6.38961791992e-05,0.00611567497253,0.0191833972931,0.000859975814819
525,0.0587358474731,0.0328702926636,5.3882598877e-05,0.0060396194458,0.0189080238342,0.000864028930664
526,0.0614745616913,0.0329658985138,5.10215759277e-05,0.00667333602905,0.0209314823151,0.000852823257446
527,0.0596554279327,0.0330486297607,5.19752502441e-05,0.00634551048279,0.0193259716034,0.000883340835571
528,0.0621707439423,0.0331013202667,5.03063201904e-05,0.00669145584106,0.021430015564,0.000897645950317
529,0.0621960163116,0.0328803062439,6.38961791992e-05,0.00683927536011,0.0215334892273,0.000879049301147
530,0.060213804245,0.0329473018646,5.10215759277e-05,0.0063624382019,0.0199906826019,0.00086236000061
531,0.0619685649872,0.0328562259674,5.03063201904e-05,0.00679707527161,0.0214161872864,0.000848770141602
532,0.0624442100525,0.0330278873444,5.07831573486e-05,0.00696706771851,0.0215435028076,0.000854969024658
533,0.0579400062561,0.0306911468506,5.22136688232e-05,0.00627446174622,0.0200657844543,0.000856399536133
534,0.06041431427,0.0329449176788,4.91142272949e-05,0.00646328926086,0.020115852356,0.00084114074707
535,0.0633950233459,0.0329327583313,7.24792480469e-05,0.00715231895447,0.022127866745,0.00110960006714
536,0.06063580513,0.0330266952515,5.14984130859e-05,0.00661754608154,0.0200898647308,0.000850200653076
537,0.0595180988312,0.0330271720886,5.36441802979e-05,0.00618934631348,0.0193908214569,0.00085711479187
538,0.0627262592316,0.0329411029816,5.00679016113e-05,0.00693225860596,0.0219533443451,0.000849485397339
539,0.061793088913,0.0329253673553,5.07831573486e-05,0.00681686401367,0.0211532115936,0.000846862792969
540,0.0601818561554,0.0311379432678,5.10215759277e-05,0.0067720413208,0.0213809013367,0.000839948654175
541,0.0620045661926,0.0328767299652,5.72204589844e-05,0.00674295425415,0.0214636325836,0.000864028930664
542,0.0625874996185,0.0328619480133,5.14984130859e-05,0.00704598426819,0.0217351913452,0.000892877578735
543,0.0598337650299,0.0327446460724,6.31809234619e-05,0.00646066665649,0.019670009613,0.000895261764526
544,0.0591599941254,0.0328829288483,5.14984130859e-05,0.00630235671997,0.0190482139587,0.000874996185303
545,0.0592968463898,0.0330092906952,5.10215759277e-05,0.00623559951782,0.0191311836243,0.000869750976562
546,0.0629947185516,0.0330746173859,5.00679016113e-05,0.00696301460266,0.0220537185669,0.000853300094604
547,0.0623753070831,0.0328471660614,5.14984130859e-05,0.0071005821228,0.0215063095093,0.000869750976562
548,0.0571687221527,0.0307335853577,5.12599945068e-05,0.0061411857605,0.0193853378296,0.000857353210449
549,0.0607807636261,0.0329031944275,4.98294830322e-05,0.00661754608154,0.0203552246094,0.000854969024658
550,0.0588142871857,0.0329592227936,5.12599945068e-05,0.00604891777039,0.0188908576965,0.000864028930664
551,0.0592143535614,0.0330708026886,5.10215759277e-05,0.00611042976379,0.0191240310669,0.000858068466187
552,0.0609664916992,0.0329804420471,5.31673431396e-05,0.00645709037781,0.0204088687897,0.00106692314148
553,0.0605661869049,0.0329146385193,5.1736831665e-05,0.00645971298218,0.0202641487122,0.000875949859619
554,0.0634231567383,0.0329608917236,5.43594360352e-05,0.00693464279175,0.0223579406738,0.00111532211304
555,0.0610291957855,0.0327820777893,5.24520874023e-05,0.0066294670105,0.0207114219666,0.000853776931763
556,0.0617265701294,0.0329654216766,5.43594360352e-05,0.00715088844299,0.0206668376923,0.00088906288147
557,0.0603442192078,0.0328001976013,4.98294830322e-05,0.00646114349365,0.0201590061188,0.000874042510986
558,0.0615417957306,0.0321879386902,5.26905059814e-05,0.00683641433716,0.0216126441956,0.000852108001709
559,0.0611228942871,0.0328321456909,5.12599945068e-05,0.00674676895142,0.0205743312836,0.000918388366699
560,0.062667131424,0.0329163074493,5.14984130859e-05,0.0069375038147,0.0219085216522,0.000853300094604
561,0.0587320327759,0.0330104827881,7.43865966797e-05,0.00599789619446,0.018803358078,0.000845909118652
562,0.0597703456879,0.0330109596252,5.14984130859e-05,0.0062301158905,0.0195271968842,0.000950574874878
563,0.0629017353058,0.0328238010406,5.1736831665e-05,0.00690245628357,0.0219419002533,0.00118184089661
564,0.0597789287567,0.0330095291138,5.19752502441e-05,0.00620460510254,0.0196537971497,0.000859022140503
565,0.0590178966522,0.0327789783478,6.19888305664e-05,0.00617694854736,0.0191116333008,0.000888347625732
566,0.0607025623322,0.0329308509827,6.27040863037e-05,0.00662612915039,0.0202360153198,0.000846862792969
567,0.0588357448578,0.0329141616821,5.22136688232e-05,0.00616002082825,0.0188369750977,0.000872373580933
568,0.059398651123,0.0329396724701,5.43594360352e-05,0.00617671012878,0.0193848609924,0.000843048095703
569,0.0605978965759,0.0329337120056,6.27040863037e-05,0.00656676292419,0.0201690196991,0.000865697860718
570,0.0576989650726,0.0306508541107,4.79221343994e-05,0.00638866424561,0.0197460651398,0.000865459442139
571,0.0590388774872,0.0330429077148,5.24520874023e-05,0.00621724128723,0.0188694000244,0.000856876373291
572,0.0610473155975,0.0330421924591,0.000100135803223,0.00644469261169,0.0206065177917,0.000853776931763
573,0.0600187778473,0.032968044281,6.29425048828e-05,0.00632953643799,0.0198101997375,0.000848054885864
574,0.060982465744,0.0329163074493,5.22136688232e-05,0.00651669502258,0.0206384658813,0.000858783721924
575,0.062534570694,0.0328238010406,5.14984130859e-05,0.00699472427368,0.0218124389648,0.000852108001709
576,0.06263422966,0.0330049991608,5.19752502441e-05,0.00694394111633,0.0217838287354,0.000849485397339
577,0.0606245994568,0.0327157974243,5.12599945068e-05,0.00670289993286,0.0203087329865,0.000845909118652
578,0.0624642372131,0.0331401824951,6.36577606201e-05,0.00697660446167,0.0214259624481,0.000857830047607
579,0.0615556240082,0.0330250263214,5.14984130859e-05,0.00681447982788,0.0208005905151,0.000864028930664
580,0.0592217445374,0.0330467224121,5.14984130859e-05,0.00608062744141,0.0191919803619,0.000850915908813
581,0.0619678497314,0.0327954292297,6.3419342041e-05,0.00680947303772,0.0214343070984,0.00086522102356
582,0.0606775283813,0.032919883728,5.19752502441e-05,0.00648164749146,0.0203702449799,0.000853776931763
583,0.062655210495,0.0329055786133,5.22136688232e-05,0.00690531730652,0.0217881202698,0.0010039806366
584,0.06094789505,0.0328805446625,4.91142272949e-05,0.00672268867493,0.0204315185547,0.000864028930664
585,0.0607666969299,0.0307586193085,5.05447387695e-05,0.00699353218079,0.0218932628632,0.00107073783875
586,0.0622401237488,0.0331690311432,5.12599945068e-05,0.00687456130981,0.0212910175323,0.000854253768921
587,0.060124874115,0.0330135822296,6.15119934082e-05,0.00644469261169,0.0197327136993,0.000872373580933
588,0.0625333786011,0.0330557823181,5.1736831665e-05,0.00704574584961,0.0214996337891,0.000880479812622
589,0.060135602951,0.0329215526581,5.19752502441e-05,0.00644183158875,0.0198173522949,0.000902891159058
590,0.0622668266296,0.0328788757324,5.1736831665e-05,0.00686383247375,0.0216166973114,0.000855684280396
591,0.0612778663635,0.0328853130341,6.43730163574e-05,0.00660872459412,0.0208668708801,0.000852584838867
592,0.0585362911224,0.0320055484772,5.14984130859e-05,0.00619649887085,0.0194277763367,0.000854969024658
593,0.0606243610382,0.0328106880188,5.1736831665e-05,0.00661468505859,0.0202887058258,0.000858545303345
594,0.0603859424591,0.0330686569214,5.31673431396e-05,0.00644135475159,0.0199310779572,0.00089168548584
595,0.0595762729645,0.0330443382263,5.14984130859e-05,0.00616264343262,0.0194594860077,0.000858306884766
