FRAME NR,SET SIZE,GROUND TRUTH X,GROUND TRUTH Y,GROUND TRUTH THETA,MCL X,MCL Y,MCL THETA,ODOMETRY X,ODOMETRY Y,ODOMETRY THETA,TIMESTAMP
50,200,3.46659403613,-2.38886944081,-2427.26298495,1.7422,0.2876,16.469,3.46659403613,-2.38886944081,-42.3637308991,1687561175.4388738
51,200,3.46707050568,-2.39001810337,-42.7735515996,1.7109,0.30615,24.828,3.46664625565,-2.38905004412,-31.9053867658,1687561175.5778654
52,200,3.46817361595,-2.38916551445,-33.2809481365,1.7666,0.30151,41.312,3.46642294564,-2.38908990145,-16.3149197816,1687561175.7171378
53,200,3.46863126832,-2.39008630899,-20.6095475074,1.8252,0.3645,57.812,3.46747097437,-2.38875490735,-0.357590309143,1687561175.8559759
54,200,3.47,-2.389,-9.40796699605,1.6943,0.49219,67.562,3.46675419967,-2.38792177584,11.630118713,1687561176.0182147
55,200,3.46927776085,-2.38705864733,3.99398032528,1.5205,0.14832,49.062,3.46710030057,-2.38775554866,23.6814458163,1687561176.1099808
56,200,3.47195463122,-2.38585160878,14.6066738355,1.6279,0.091492,57.375,3.46660242296,-2.38838460491,34.9478525091,1687561176.2014284
57,200,3.47085935829,-2.38418498534,25.4751364559,1.6836,0.1521,48.5,3.46661365007,-2.38873323132,43.7221779516,1687561176.2930555
58,200,3.47194051749,-2.38296891088,33.9086241552,1.7324,0.21021,51.0,3.46668268008,-2.38882002584,50.6084765482,1687561176.385043
59,200,3.46960849882,-2.3842326706,49.4808113897,1.7324,0.21021,58.719,3.46604988141,-2.38920532879,58.2581645285,1687561176.5004106
60,200,3.47087014428,-2.3839865576,57.2035776296,1.6934,0.66553,132.0,3.46684057138,-2.38913859166,64.0010238671,1687561176.5937977
61,200,3.47,-2.385,63.896253313,1.6934,0.66553,137.12,3.4669878585,-2.38949386002,68.9897384339,1687561176.6874073
62,200,3.46999738051,-2.38400674968,69.0297371012,1.4971,0.76172,130.38,3.46694721158,-2.38919161246,72.9280904898,1687561176.7830884
63,200,3.47108231393,-2.38297326523,72.9521901296,1.4971,0.76172,134.12,3.46733023365,-2.38882315841,76.5507720409,1687561176.878183
64,200,3.47099038906,-2.38294035592,76.6690794526,1.4971,0.76172,136.88,3.46742367547,-2.38855416204,79.5127072899,1687561176.9721172
65,200,3.47099187091,-2.38204459357,80.8485487382,1.4971,0.76172,140.5,3.4673766699,-2.38849174484,83.1562659134,1687561177.06604
66,200,3.47117811085,-2.38091080521,83.7714012277,1.5225,0.771,147.88,3.4675784451,-2.3883476018,86.7034787352,1687561177.1630833
67,200,3.47106484162,-2.38180685502,85.8314222327,1.5225,0.771,150.38,3.46771545434,-2.38812370377,89.3523509653,1687561177.2575965
68,200,3.47178516936,-2.38061790156,89.6434225099,1.6074,0.69092,157.88,3.46739536509,-2.38774475722,93.1740030502,1687561177.3563466
69,200,3.4709689611,-2.38104875397,95.4217944547,1.6592,0.625,164.12,3.46737611354,-2.38792842435,95.6959364139,1687561177.4538739
70,200,3.471,-2.38,97.5575237769,1.5898,0.70312,173.38,3.46759384423,-2.38816332221,97.4870767461,1687561177.5514474
71,193,3.47003835366,-2.3810148447,99.2494964686,1.5898,0.70312,175.38,3.46764314984,-2.38859096421,99.4013047737,1687561177.6674385
72,193,3.46889350539,-2.38194912792,101.928353629,1.5654,0.61621,-137.0,3.46750924631,-2.3885247864,102.096576696,1687561177.7786238
73,183,3.46903932861,-2.38279075469,102.718827099,1.5537,0.70898,-129.0,3.46749398599,-2.38835296499,103.389987165,1687561177.911954
74,176,3.46893952463,-2.38200235395,105.207105116,1.459,1.0049,-77.75,3.4672654076,-2.38836556297,104.652285675,1687561178.048954
75,170,3.46799275449,-2.38097795606,107.427600179,1.7373,0.67285,-56.0,3.46734811178,-2.38835898145,106.266707659,1687561178.1791542
76,170,3.46716826262,-2.3805285676,108.055906864,1.8301,0.6416,-63.75,3.46623513239,-2.38633815652,107.458716542,1687561178.2908275
77,159,3.46508057842,-2.37791419611,108.869047246,1.8311,0.72852,-66.25,3.46402069505,-2.38266689139,108.272976654,1687561178.4195926
78,159,3.46461097799,-2.37677810026,110.601807474,1.8291,0.50537,-71.75,3.45787115474,-2.37359061868,109.198562258,1687561178.5282927
79,149,3.4600466985,-2.37116711807,111.650090407,1.7461,0.5083,-72.75,3.44888268244,-2.36045722506,109.633941606,1687561178.6548548
80,149,3.45665040022,-2.36042585025,112.398501715,1.7842,0.64941,-77.25,3.43905399075,-2.34351226235,110.214294195,1687561178.7615535
81,140,3.45231656208,-2.34967015124,112.423923406,1.8154,0.66748,-75.0,3.42255902851,-2.31910381642,111.088658938,1687561178.8848486
82,140,3.43467124417,-2.32773599933,113.149380215,1.8506,0.38403,-83.75,3.39926885729,-2.28894910776,111.20461763,1687561178.9891021
83,132,3.42051576229,-2.30507434285,113.437370861,1.8965,0.37012,-78.25,3.37568441089,-2.25624504306,111.088736006,1687561179.109061
84,132,3.40655935065,-2.28425102845,113.91939912,1.8398,0.27954,-58.25,3.34964040688,-2.2165969118,111.928776864,1687561179.2117453
85,125,3.38034713136,-2.24926489116,114.759883868,1.8184,0.29199,-54.0,3.32465928178,-2.18072138209,112.769261611,1687561179.3294923
86,125,3.36724132293,-2.22385014273,114.172593382,1.9355,0.26978,-57.25,3.29884949473,-2.14412405805,113.594924156,1687561179.4328203
87,119,3.34789353611,-2.18509265967,115.262352022,1.9414,0.29199,-58.5,3.26941380355,-2.10487796675,114.208523597,1687561179.5508826
88,119,3.3195872623,-2.14684725943,117.482773179,1.7529,0.26978,-53.75,3.24306628644,-2.06948485343,114.586263329,1687561179.6508815
89,119,3.29237419573,-2.10986622945,118.294372863,1.7129,0.2793,-55.75,3.21389684934,-2.02972236535,115.371433829,1687561179.751319
90,111,3.27143772627,-2.07971433564,118.344744194,1.668,0.27759,-57.5,3.18798950532,-1.99357379669,115.918531226,1687561179.8661454
91,111,3.24114697654,-2.04313643736,118.508495492,1.6641,0.10309,-57.75,3.16291415679,-1.95778070754,116.25716528,1687561179.9685056
92,111,3.21550356297,-2.0103871627,118.531002278,1.6289,0.084167,-58.5,3.13385604219,-1.91743318584,116.447798875,1687561180.0700176
93,104,3.195,-1.978,119.095007296,1.6055,0.090576,-58.5,3.10558215699,-1.87737391292,116.584887119,1687561180.1816237
94,104,3.1660195678,-1.94027818681,119.693105745,1.8164,0.063171,-57.25,3.08021171852,-1.84036342082,116.566917184,1687561180.277679
95,104,3.14611701187,-1.90790283497,119.926168876,1.8311,0.096191,-58.0,3.05530475866,-1.8031970093,116.552826911,1687561180.3750432
96,104,3.11777386412,-1.87307347369,120.23002108,1.8213,0.1095,-55.0,3.03022649502,-1.76691333116,116.56367661,1687561180.4724958
97,98,3.09501719977,-1.84210417218,118.717720801,1.8232,0.10492,-53.75,2.99956588082,-1.72089623987,116.609858648,1687561180.5821307
98,98,3.06579391972,-1.7992415569,119.748378651,2.1562,0.19922,-47.25,2.97695813808,-1.68884047929,116.838084888,1687561180.679818
99,98,3.04293227888,-1.76443842441,119.404357515,2.1738,0.19299,-47.75,2.95150770875,-1.65170286177,116.888729965,1687561180.7771397
100,98,3.02,-1.727,120.103413015,2.1348,0.16223,-46.75,2.92035927274,-1.60674783064,117.173610789,1687561180.8742654
101,92,2.99260726867,-1.69176781322,120.213139974,2.125,0.13074,-44.75,2.89486803746,-1.57016763368,117.254108641,1687561180.9821212
102,92,2.96537760423,-1.65307143756,119.928279825,2.1914,0.11517,-49.75,2.86631571615,-1.52903885524,117.432529624,1687561181.077628
103,92,2.93796799309,-1.61879687689,120.414423856,2.1914,0.10803,-46.75,2.84006307857,-1.4925570747,117.389680385,1687561181.1727245
104,86,2.91674106068,-1.5850031703,120.472247696,2.1934,0.11292,-45.75,2.81472825515,-1.45543566433,117.662691435,1687561181.279026
105,86,2.88909356809,-1.54585818974,120.413825083,2.1973,0.087891,-49.5,2.78631762228,-1.41437872137,117.883177915,1687561181.3724248
106,86,2.86856654801,-1.51648921049,121.13175947,2.1875,0.060608,-49.75,2.76095175069,-1.37736583521,117.932942647,1687561181.4660654
107,80,2.83987182126,-1.47496062133,121.112865472,2.1816,0.038086,-48.25,2.73464304395,-1.3399017386,118.062890143,1687561181.569872
108,80,2.8128061956,-1.44115009955,120.67422879,2.3516,0.09198,-53.25,2.70916495697,-1.30325725662,118.299956201,1687561181.6609852
109,80,2.78559362686,-1.40318913318,121.235659563,2.3691,0.084473,-53.0,2.67999596945,-1.26190414074,118.281836296,1687561181.7521653
110,80,2.76394427405,-1.37304503771,121.276794959,2.3789,0.077637,-52.0,2.65365924991,-1.22467094502,118.246658333,1687561181.8430212
111,80,2.73704048777,-1.33670949541,120.8752187,2.3828,0.074341,-53.75,2.62496624211,-1.1828058212,118.297615005,1687561181.9346318
112,80,2.71279873074,-1.30621751717,121.259218738,2.3984,0.075439,-53.75,2.59661690288,-1.14142707479,118.40599451,1687561182.0259366
113,74,2.6838407536,-1.26204047285,121.578323593,2.4219,0.07666,-54.75,2.56784093019,-1.09978963104,117.910004306,1687561182.1281936
114,74,2.66293065075,-1.23096718759,121.403405049,2.5488,0.26538,-68.0,2.54232431706,-1.06211345597,117.587709788,1687561182.21817
115,74,2.63541383554,-1.19481349197,121.127582592,2.541,0.26343,-67.25,2.51642473201,-1.02463432596,117.754996016,1687561182.3080761
116,74,2.60382735887,-1.1557707408,120.547902398,2.5449,0.25439,-67.75,2.4881191502,-0.982808453426,117.597879714,1687561182.3984158
117,74,2.58291963512,-1.12302652482,120.896640182,2.5449,0.2229,-68.75,2.46218595409,-0.94529873792,117.552074203,1687561182.4885864
118,68,2.55599843156,-1.08261396451,120.500398652,2.5332,0.20898,-70.25,2.43433681857,-0.903436002542,117.427457228,1687561182.5876114
119,68,2.53172266781,-1.04753252431,120.932063638,2.5547,0.36768,-83.25,2.40909173465,-0.866520397521,117.428843932,1687561182.6755269
120,68,2.50125417248,-1.00538236369,119.841937779,2.5566,0.32471,-84.5,2.37075563902,-0.812945407001,117.0920244,1687561182.763327
121,68,2.47792845006,-0.972164329019,120.609550081,2.543,0.31152,-84.5,2.34430406599,-0.775597554475,117.016553474,1687561182.8504817
122,61,2.46,-0.934,120.114872171,2.5547,0.23083,-86.0,2.31945834055,-0.737414242662,116.96133839,1687561182.9443438
123,61,2.44072082288,-0.902815176086,120.82245844,2.5273,0.32471,-96.75,2.29679686977,-0.704227822593,116.872901713,1687561183.0285685
124,61,2.41685116887,-0.866768326336,119.829888868,2.5059,0.25757,-99.25,2.27145219047,-0.667039146993,116.114689269,1687561183.1130302
125,61,2.39633866678,-0.835996533603,120.066893481,2.4922,0.25195,-98.0,2.24861185001,-0.633801093559,116.277791402,1687561183.1992953
126,61,2.37336718313,-0.80243951469,118.661352216,2.4707,0.26025,-97.75,2.22266231564,-0.596841756943,115.962617103,1687561183.2826731
127,61,2.35784140164,-0.765969249089,119.473159441,2.4648,0.18005,-99.0,2.19684659314,-0.559783530368,116.074143714,1687561183.367279
128,55,2.33464610708,-0.731355998688,118.935800418,2.4668,0.15674,-98.5,2.17095826111,-0.523249690689,116.246178714,1687561183.458065
129,55,2.31652870778,-0.703094496395,119.113953491,2.459,0.13403,-109.5,2.14758799757,-0.490431642607,116.418159464,1687561183.5399997
130,55,2.28594026067,-0.662773496909,119.258967554,2.4453,0.11914,-108.88,2.12076790611,-0.454217907205,116.475858824,1687561183.6227229
131,55,2.26729367577,-0.633476105317,119.968602335,2.4375,0.093872,-108.88,2.09363965933,-0.417367807601,116.5675253,1687561183.7045763
132,55,2.24869061248,-0.602092579561,119.905578668,2.4355,0.075806,-108.88,2.06944386661,-0.384956054876,116.343417772,1687561183.78686
133,48,2.22464373889,-0.572118500825,119.737711775,2.4199,0.045166,-109.12,2.04341751107,-0.347910828164,116.202963062,1687561183.872114
134,48,2.19733026545,-0.53515119239,118.874893601,2.4473,-0.00032806,-117.62,2.01707888006,-0.310903737009,116.196696327,1687561183.950811
135,48,2.17305263678,-0.498705035224,119.481595667,2.4238,-0.027924,-118.12,1.99086956392,-0.274095133933,116.182832404,1687561184.029718
136,48,2.15175289358,-0.459104060388,119.469771761,2.4043,-0.0448,-118.88,1.96370784986,-0.237266559539,116.101198281,1687561184.111347
137,48,2.1299251325,-0.43019847134,119.345683386,2.4023,-0.078796,-119.12,1.93975872254,-0.204863787761,115.777456303,1687561184.1910043
138,42,2.09769933053,-0.389837438918,119.265344105,2.3926,-0.11432,-118.75,1.90953242843,-0.163649506107,116.247568562,1687561184.2752094
139,42,2.0687941472,-0.354641735041,119.040610257,2.3887,-0.19312,-124.12,1.88252023431,-0.126980874234,116.022834713,1687561184.3520136
140,42,2.055,-0.32,118.946038269,2.373,-0.224,-124.75,1.85674190281,-0.0902720965403,115.755990813,1687561184.4279997
141,42,2.03453347683,-0.291988801007,118.320978856,2.3633,-0.25073,-124.88,1.82980263063,-0.0540342572189,115.177753681,1687561184.504132
142,42,2.01471965815,-0.263131151505,117.981375733,2.3516,-0.28418,-125.88,1.8066560469,-0.0212444259097,114.941796496,1687561184.5800653
143,42,1.98889905438,-0.22769706083,117.513186905,2.3359,-0.29541,-125.25,1.7817201411,0.0105814051008,115.111193408,1687561184.6558597
144,42,1.96287273726,-0.192011990804,117.833881722,2.3164,-0.32983,-125.12,1.75427845821,0.0464226196907,115.382915449,1687561184.7315319
145,36,1.94,-0.16,118.143897356,2.3047,-0.35376,-125.0,1.72601714744,0.082958678921,115.497836194,1687561184.8121076
146,36,1.91053129289,-0.122142294094,117.879646764,2.3359,-0.37451,-125.62,1.69874876299,0.118838243115,115.305659684,1687561184.8863504
147,36,1.88316010566,-0.0866371826684,117.640654672,2.3203,-0.41211,-125.75,1.6708287557,0.15491012897,115.184369089,1687561184.9613233
148,36,1.86250560826,-0.0625263047201,117.905215828,2.3086,-0.43921,-125.75,1.64556357496,0.186848292852,115.268302864,1687561185.034963
149,36,1.83618796265,-0.0237821718808,118.073200972,2.2891,-0.46997,-125.38,1.61777039992,0.22295244253,115.348116032,1687561185.1085296
150,36,1.81170679389,0.00463510753609,118.121539249,2.2832,-0.49219,-125.0,1.59265319703,0.254711225181,115.297110035,1687561185.1821568
151,36,1.79886236454,0.0228811577811,117.220333175,2.2734,-0.5166,-125.12,1.56471796309,0.291193091835,115.38973517,1687561185.2578897
152,36,1.78018604512,0.0455158950826,117.426493883,2.2598,-0.54443,-124.62,1.53651010441,0.326857887232,115.364579427,1687561185.33114
153,30,1.7378626241,0.101722403978,117.308171197,2.2402,-0.57812,-124.38,1.50541192567,0.367375390979,115.213024731,1687561185.4085796
154,30,1.70814060622,0.137669214623,117.483315038,2.3105,-0.59082,-123.75,1.47687382359,0.403147853548,114.906677318,1687561185.4835193
155,30,1.69128348228,0.172552953888,116.890322609,2.291,-0.61963,-124.0,1.4485213695,0.439154466435,114.196515709,1687561185.558165
156,30,1.66084208028,0.205526410396,115.777439203,2.2793,-0.66064,-124.25,1.41736442638,0.478622087119,114.075421869,1687561185.6317635
157,30,1.63270731429,0.2466338423,116.38256223,2.2656,-0.70068,-124.75,1.38346323319,0.520969739689,113.494391882,1687561185.7038867
158,30,1.60860077367,0.274890019599,116.055169317,2.248,-0.72754,-124.88,1.35695131176,0.554711282935,113.328854106,1687561185.7754562
159,30,1.58344659178,0.308595919674,115.118944434,2.2285,-0.7627,-125.0,1.32784653679,0.591993616022,113.266177315,1687561185.8472614
160,30,1.55804226344,0.340193976502,115.160538652,2.2012,-0.81055,-125.75,1.30221106457,0.624233430552,112.851486274,1687561185.9189765
161,30,1.538,0.371,114.32799844,2.1855,-0.83887,-126.25,1.27669236483,0.655678710189,112.586801767,1687561185.9912453
162,30,1.50928517227,0.405801974891,114.162363335,2.168,-0.86133,-126.38,1.25211530722,0.686119574326,112.188278753,1687561186.0632036
163,30,1.48684304497,0.435412419815,113.696752321,2.1582,-0.90332,-126.5,1.2273779748,0.716498492045,111.930075871,1687561186.134714
164,30,1.46504681835,0.463649967228,113.498509221,2.1406,-0.91895,-126.88,1.20936814014,0.739009525509,111.693029894,1687561186.2061934
165,30,1.43934516283,0.492158751378,112.586123753,2.123,-0.94678,-127.25,1.18312750815,0.770671395342,111.470654379,1687561186.2808228
166,30,1.42034011025,0.515961464472,113.630568583,2.1211,-1.0049,-126.0,1.16291831684,0.795565322868,111.281148206,1687561186.3514364
167,30,1.40504696069,0.53689457923,112.767001676,2.1094,-1.0254,-126.38,1.14291288852,0.819785171612,111.089056208,1687561186.4223518
168,30,1.38262600684,0.563415571187,112.490186094,2.0938,-1.043,-126.75,1.12127812273,0.84695131038,110.812240626,1687561186.4941533
169,30,1.36902108781,0.582168942726,112.684586528,2.0859,-1.0645,-127.12,1.1031845647,0.870457303601,110.426350033,1687561186.5655792
170,30,1.351,0.606,112.179406709,2.0703,-1.0977,-128.38,1.07787568058,0.901941535038,109.79641035,1687561186.6374114
171,30,1.33215261647,0.628227576284,111.544255453,2.0586,-1.1152,-128.5,1.06215678557,0.921977281774,109.248372312,1687561186.7089822
172,30,1.30557653806,0.661960125002,110.768314056,2.0449,-1.1465,-129.38,1.04022583902,0.949844421735,108.442367944,1687561186.7806695
173,30,1.28714156892,0.685537142917,110.625574865,2.0312,-1.1719,-130.0,1.02060128188,0.974588677813,107.811907016,1687561186.8498478
174,30,1.26374440882,0.711556488724,109.873548802,2.0234,-1.1904,-130.62,0.999893989875,1.00102811439,107.16726896,1687561186.9204516
175,30,1.24665739589,0.734711579106,109.176309506,2.0156,-1.2129,-131.38,0.981614585356,1.02450216019,106.576649409,1687561186.9915411
176,24,1.22706329561,0.755172581485,107.778850505,2.0059,-1.2412,-132.75,0.964345716923,1.04743499501,105.286477819,1687561187.0651498
177,24,1.20604042581,0.778551359599,107.241499772,1.9932,-1.2832,-135.12,0.946659556965,1.07284318817,104.135243027,1687561187.1334624
178,24,1.19614155881,0.791900775631,106.408934772,1.9785,-1.3105,-135.75,0.930123786417,1.09490045234,103.508848908,1687561187.201681
179,24,1.18006608264,0.815867991605,105.3468949,1.9609,-1.3447,-136.88,0.913456451359,1.12018267453,102.477648682,1687561187.2700307
180,24,1.16708054575,0.837909160744,104.547069938,1.9561,-1.3545,-138.12,0.8982669421,1.14189777514,101.346183272,1687561187.338225
181,24,1.1493847912,0.860289028282,103.158257974,1.9414,-1.3779,-138.88,0.88365832901,1.16397498771,100.621662744,1687561187.4071293
182,24,1.13979234335,0.878477054428,102.85404255,1.9297,-1.4014,-140.0,0.870173383229,1.18538863843,99.6588042442,1687561187.4759078
183,24,1.12640549427,0.896876855496,101.003761339,1.9199,-1.4189,-141.0,0.856190603611,1.20594952985,98.6130257547,1687561187.5450952
184,24,1.11219422812,0.917351291009,100.136663538,1.9189,-1.4238,-141.88,0.842884602898,1.22427637754,97.8109085476,1687561187.6135948
185,24,1.10234561402,0.933036209913,99.7685668779,1.9131,-1.4307,-142.88,0.83060070693,1.24243013612,96.8986364253,1687561187.683013
186,24,1.087,0.95,99.3451520977,1.9004,-1.4521,-144.12,0.817966482402,1.26258809454,96.0551856261,1687561187.7524083
187,24,1.0771863171,0.967221875874,97.9478457999,1.8906,-1.4775,-144.75,0.804233950441,1.28499351727,95.0832598576,1687561187.8213015
188,24,1.06362136984,0.984470296596,96.8074028237,1.876,-1.4961,-145.88,0.792721452511,1.30236366322,94.2619877401,1687561187.8895164
189,24,1.05504156168,1.00061471634,96.355482505,1.8633,-1.5166,-147.25,0.781364999211,1.32208042626,92.8641433424,1687561187.9588275
190,24,1.04469105174,1.02175414412,95.4031897072,1.8359,-1.5479,-149.25,0.77087449067,1.34175108912,91.3161503812,1687561188.0268054
191,24,1.03321069548,1.03813745144,94.5376656137,1.8271,-1.5576,-150.88,0.760425777004,1.36117744674,89.6008709194,1687561188.0953155
192,24,1.02347731739,1.05334548188,92.4912680791,1.8145,-1.5732,-152.62,0.751080346545,1.38074077352,88.167909791,1687561188.1637235
193,24,1.01427627424,1.07554815633,90.6185177264,1.7979,-1.5918,-154.5,0.742081017678,1.40039654894,86.6203493148,1687561188.2331042
194,24,1.00639029766,1.09253669544,89.1591292932,1.7861,-1.6055,-155.62,0.73329050174,1.41762823569,85.2825743064,1687561188.3024714
195,24,0.99573736315,1.11418322079,87.1344803649,1.7734,-1.6289,-157.5,0.723007567821,1.44099261675,83.6156088021,1687561188.3718166
196,24,0.986925781651,1.13214297265,85.8896445976,1.7568,-1.6406,-159.5,0.715142628246,1.4599412001,81.9164810596,1687561188.4405692
197,24,0.98153780608,1.14815058253,84.3953547684,1.7246,-1.668,-161.62,0.707733813516,1.47883813951,80.4361772597,1687561188.5117161
198,24,0.972237458118,1.16787831119,82.736565429,1.5859,-1.709,-166.5,0.70064029683,1.49738010296,79.0113065302,1687561188.5808856
199,24,0.967326245593,1.18367833408,81.5884319091,1.5645,-1.7217,-168.5,0.693317415222,1.51713510078,77.02248986,1687561188.6476367
200,24,0.958367238869,1.19881123634,79.526756306,1.5381,-1.7393,-171.5,0.686460370395,1.53544756381,74.8637044013,1687561188.7160873
201,24,0.953896904199,1.21465421142,77.8385774328,1.5166,-1.7539,-173.88,0.680233356796,1.55362693334,72.5900860607,1687561188.7837842
202,24,0.947234962999,1.23184893478,76.2603958559,1.501,-1.7666,-176.0,0.675078246213,1.57087676354,70.5737212402,1687561188.8516054
203,24,0.939010809821,1.25147045646,72.1474165249,1.4854,-1.7744,-178.25,0.670391511754,1.58750165323,68.3102870192,1687561188.9196079
204,24,0.933659102425,1.26514357235,70.1717666793,1.4668,-1.792,179.0,0.666451745863,1.60229659291,66.0391713377,1687561188.988113
205,24,0.92821915159,1.28319432652,68.6750686542,1.4512,-1.8018,176.38,0.66203296491,1.61812195994,63.6648742078,1687561189.0565984
206,24,0.923614531342,1.29806215336,65.2750023693,1.4365,-1.8115,173.88,0.657513507256,1.63292949999,61.1259992436,1687561189.1245613
207,24,0.921250517152,1.3116145595,63.9645894625,1.415,-1.8252,171.12,0.652271519791,1.64746982827,58.7228016363,1687561189.1928906
208,24,0.918434494386,1.32404164822,61.851313141,1.4023,-1.8301,169.38,0.647857379559,1.6586731495,57.0212807769,1687561189.2600877
209,24,0.914759328406,1.33564713948,59.4758519253,1.3877,-1.8438,166.25,0.642132395446,1.67431638153,54.2925711651,1687561189.3280137
210,24,0.909072935968,1.34969597172,58.1039084597,1.3867,-1.8506,164.12,0.637988499739,1.68485477135,52.3810277422,1687561189.3960812
211,24,0.908077045394,1.35719590644,55.5787731541,1.374,-1.8604,161.12,0.633371758528,1.69760822318,49.6023925114,1687561189.4633722
212,24,0.904,1.367,54.2304553091,1.3613,-1.8691,158.75,0.628758364989,1.71131881437,47.1690911398,1687561189.5304034
213,24,0.898691174717,1.38282038924,49.0749919663,1.3477,-1.8799,156.25,0.62404329992,1.72449282456,44.6580862125,1687561189.5974276
214,24,0.893253003874,1.39461048594,46.4795184795,1.3447,-1.8887,153.75,0.620006868562,1.73524957732,42.3418338773,1687561189.665625
215,24,0.892271879661,1.40341349508,44.9126095217,1.334,-1.8955,151.75,0.615520976903,1.74620765934,40.285538374,1687561189.7334137
216,24,0.888907910876,1.41324294507,42.3454406456,1.3281,-1.9033,148.62,0.610394970087,1.75761982255,37.6787100008,1687561189.8014445
217,24,0.883,1.419,40.3763358229,1.3203,-1.9131,146.0,0.6054596523,1.76977171202,34.9972687913,1687561189.8689978
218,24,0.877614407322,1.42949104515,37.190905844,1.3193,-1.9121,143.5,0.600263259105,1.78189399518,32.2578815087,1687561189.936732
219,24,0.874809500896,1.43936988553,35.5211787092,1.3252,-1.9141,140.88,0.596404866981,1.79212622801,29.6392227045,1687561190.0046966
220,24,0.871636663635,1.44831751965,32.6795103517,1.3125,-1.9209,138.12,0.592426670125,1.80159980308,27.0001349255,1687561190.0720608
221,24,0.866222742669,1.45562773355,30.6376858487,1.3125,-1.9248,135.25,0.588448936681,1.81222351287,24.3346207909,1687561190.139639
222,24,0.859583913483,1.46177585996,27.6416434435,1.3096,-1.9287,132.5,0.584843906362,1.82137837609,21.7643252701,1687561190.2076738
223,24,0.858462543349,1.46523366406,25.6994821546,1.2969,-1.9375,129.88,0.580993204479,1.83221333725,19.2135222015,1687561190.2757661
224,24,0.853968701586,1.47539606828,20.8978693271,1.2959,-1.9404,127.62,0.577170717649,1.84342696833,17.0120044026,1687561190.3445876
225,24,0.851246763284,1.48225015202,18.6652061628,1.2959,-1.9414,125.56,0.572931473678,1.85280168767,14.935959684,1687561190.412756
226,24,0.84762600099,1.49239798318,16.89717967,1.293,-1.9453,123.44,0.568714916571,1.86198765385,12.8821943786,1687561190.4811795
227,24,0.843524880199,1.50325184181,15.0553844796,1.2852,-1.9502,121.81,0.564181878155,1.87177830043,10.7577382066,1687561190.5501628
228,24,0.839653469709,1.50938909195,13.5397441926,1.2695,-1.9492,121.06,0.560313440487,1.88061956411,8.95506559273,1687561190.6193204
229,24,0.833828315829,1.51684371797,11.5913919922,1.2656,-1.9209,119.88,0.55845979322,1.88935904131,7.0825118336,1687561190.6886554
230,33,0.830293622744,1.52475321574,9.39263317084,1.2568,-1.8936,118.94,0.560661930849,1.89575044862,4.90349157893,1687561190.7615154
231,33,0.831078843509,1.53124159166,7.75683449004,1.2324,-1.8086,117.94,0.56756329118,1.89976475855,3.23803823371,1687561190.8344
232,33,0.832066094684,1.5330168313,6.38963000362,1.2227,-1.8066,117.88,0.577284574283,1.9013002462,1.96857084966,1687561190.907336
233,33,0.835874830761,1.54078755336,3.88510958932,1.2217,-1.7803,116.31,0.593270616153,1.8993693046,0.379371853544,1687561190.980955
234,33,0.849030661175,1.54321756654,2.08917361322,1.2158,-1.7598,115.12,0.610700181827,1.89531794825,-1.31666534349,1687561191.0519443
235,33,0.856224959623,1.54562539027,0.251176412625,1.2148,-1.75,113.94,0.625035475599,1.89063556993,-2.46437100278,1687561191.124278
236,39,0.873176331631,1.54402867595,-1.52129641095,1.2148,-1.7246,113.62,0.643728868716,1.88308793619,-4.10295899856,1687561191.2016742
237,39,0.890934077235,1.53783705125,-3.43730794102,1.1543,-1.6475,112.06,0.661357702545,1.87479953887,-5.91649606955,1687561191.2768254
238,46,0.913718239404,1.52524933506,-4.18832818342,1.1553,-1.6172,111.06,0.677267868028,1.867202411,-7.28964516516,1687561191.358031
239,46,0.931068538715,1.51845792944,-5.71028963683,1.1025,-1.6025,111.25,0.691600331241,1.85928543344,-8.77309316993,1687561191.4360933
240,46,0.944588222395,1.51419970869,-6.00779150204,1.0986,-1.5879,110.75,0.70105590696,1.85459352135,-9.64618991035,1687561191.5146458
241,46,0.95303087617,1.50768188791,-7.41599488504,1.0977,-1.5791,109.69,0.710265215134,1.8506627317,-10.8188540786,1687561191.592177
242,46,0.962624164057,1.50506529803,-7.91392054442,1.0918,-1.5674,110.12,0.718785639431,1.84834358202,-11.0428293459,1687561191.6676621
243,46,0.974,1.494,-9.59131349049,1.0908,-1.5635,109.94,0.725812815576,1.84730166689,-11.2547543219,1687561191.7440624
244,46,0.980737598793,1.49200890905,-10.3808244391,1.0879,-1.5557,109.88,0.731402364973,1.84683270471,-11.4091321753,1687561191.819945
245,46,0.985200290026,1.49098189281,-10.4793980729,1.082,-1.5527,110.56,0.737360770127,1.84660358554,-11.4414141041,1687561191.8974338
246,46,0.991981243806,1.49084178467,-10.3991072071,1.0811,-1.5508,110.25,0.742627094628,1.84592163789,-11.7039263425,1687561191.9724252
247,46,0.999720468783,1.49126566409,-11.1891374218,1.0723,-1.5586,111.0,0.747991653167,1.84607425555,-12.1558543607,1687561192.0500865
248,46,1.004,1.493,-11.4018601231,1.0684,-1.5537,109.75,0.753501067075,1.8467937853,-13.5506877088,1687561192.1260116
249,40,1.00925288103,1.49423910414,-13.0266223251,1.0645,-1.5518,108.25,0.758271356967,1.84781552418,-15.0369487161,1687561192.2072034
250,40,1.014017019,1.49138683969,-14.4727016807,1.0254,-1.6348,110.44,0.764320665766,1.85017833717,-16.5922698326,1687561192.2795923
251,40,1.01995564067,1.49390323466,-15.8670673506,1.0117,-1.6387,109.69,0.769567952827,1.85228898396,-18.6409016874,1687561192.3540435
252,40,1.02107180449,1.49168702299,-16.960498313,0.99756,-1.6582,109.06,0.774342909615,1.85473480152,-20.4756815506,1687561192.4285107
253,40,1.0260385435,1.49548810541,-18.6376399624,0.9873,-1.6709,107.69,0.779583744753,1.85811093117,-22.3828486368,1687561192.503198
254,40,1.02969844227,1.49928309889,-20.9978182137,0.98096,-1.6689,105.31,0.784328472124,1.86173789274,-24.4448149319,1687561192.5761983
255,40,1.03653514881,1.49952044039,-22.3739234829,0.97119,-1.6807,104.56,0.788020194504,1.8640228616,-26.1063141209,1687561192.6504576
256,40,1.03979198149,1.50298394502,-24.6553445389,0.96631,-1.6787,103.5,0.792775569797,1.86446283591,-26.9009200147,1687561192.7235427
257,40,1.0437771312,1.50298789762,-25.5647624229,0.96387,-1.666,103.44,0.796900030196,1.8630777354,-27.0480957481,1687561192.7989056
258,40,1.04638042669,1.50474928221,-26.2880642108,0.96143,-1.6729,103.38,0.800505557991,1.86119728528,-27.2848274252,1687561192.8714447
259,34,1.049,1.503,-26.2013599713,0.96094,-1.668,103.12,0.804185688876,1.85919969025,-27.500518679,1687561192.9496932
260,34,1.05392244697,1.49848853252,-26.4784964117,0.99951,-1.7529,105.31,0.808136393466,1.85703134164,-27.8768259911,1687561193.021645
261,34,1.05532135182,1.49707681397,-26.8326063948,0.99854,-1.7559,105.5,0.813550464457,1.85447197843,-27.8772822769,1687561193.094548
262,34,1.05843190322,1.49459667702,-26.2781730953,0.99658,-1.7412,105.38,0.819511135049,1.8518157466,-28.0037272865,1687561193.1678631
263,34,1.065,1.492,-26.7857769224,0.99512,-1.7393,105.0,0.825965774427,1.84889446726,-28.2459676741,1687561193.2414875
264,34,1.07079479825,1.49090260391,-26.9268755883,0.99072,-1.7305,104.44,0.836905160613,1.84443930527,-28.8243879273,1687561193.314598
265,34,1.07723735016,1.4851264908,-26.6549196108,0.99023,-1.7168,103.94,0.851059556598,1.83687831894,-29.3536657511,1687561193.3879855
266,34,1.09176300794,1.47758622758,-28.0437714833,0.98682,-1.7031,103.44,0.867299026261,1.82789991761,-29.9354525264,1687561193.4600308
267,34,1.10821317043,1.46721096825,-29.1902284663,0.979,-1.6797,102.31,0.892249544754,1.81360428247,-30.9603274444,1687561193.5314865
268,34,1.111,1.46,-29.7422391452,0.9707,-1.6416,102.06,0.919968488282,1.79750102394,-31.2496032451,1687561193.6040654
269,28,1.13276699732,1.44831836777,-30.505568721,0.96436,-1.6104,102.69,0.949720638968,1.78171861576,-30.6527443648,1687561193.680118
270,28,1.16265152316,1.42850598505,-30.689370484,0.93506,-1.6152,105.31,0.988260508306,1.76164907281,-30.4133259428,1687561193.7511182
271,28,1.19098347219,1.41317098073,-29.1495188312,0.91504,-1.5527,106.0,1.03018018448,1.73967926161,-29.9296300471,1687561193.822465
272,28,1.22158164753,1.3987580602,-29.4368172815,0.89941,-1.5068,106.19,1.07535660608,1.71839235488,-29.8082676281,1687561193.8923714
273,28,1.24891530117,1.38938737849,-28.9516751828,0.88428,-1.4658,106.19,1.11455049733,1.69826353141,-29.6668344925,1687561193.963249
274,28,1.28722726434,1.36937192637,-28.7775355422,0.87402,-1.4219,106.25,1.15708077991,1.67361997195,-29.3491786369,1687561194.0343196
275,28,1.3287290612,1.35090350803,-28.1861001753,0.86768,-1.3809,106.5,1.19858202341,1.64753930806,-28.6610790699,1687561194.1034296
276,28,1.37875662919,1.32349035849,-28.0596320644,0.86963,-1.3311,105.56,1.24247735933,1.61760158117,-28.6599458254,1687561194.1735368
277,28,1.40536844857,1.30569265951,-28.6734701027,0.86133,-1.2871,104.75,1.2840122072,1.58845948955,-29.3591285807,1687561194.2425976
278,28,1.451,1.274,-27.3358164057,0.854,-1.2354,103.0,1.32824403844,1.55627947872,-31.1766283918,1687561194.312062
279,28,1.49247737594,1.24658537735,-29.6359885139,0.84424,-1.1699,101.31,1.37807090337,1.51625170324,-32.88380199,1687561194.3845541
280,28,1.53714292719,1.21153528216,-30.8143518864,0.85596,-1.165,97.75,1.42633833141,1.47598922098,-33.6994468251,1687561194.4535427
281,28,1.57547232531,1.17754686552,-31.7381455251,0.84912,-1.0996,98.438,1.46789638545,1.44117971285,-33.7488574983,1687561194.5233397
282,28,1.61334890806,1.14174802725,-32.185951418,0.84912,-1.0488,99.062,1.51180143263,1.40258805937,-33.2253019317,1687561194.5928953
283,28,1.64965799661,1.11266273588,-32.3378148099,0.85205,-0.99609,99.875,1.55397392906,1.36402886446,-32.3895979231,1687561194.6628282
284,28,1.68840768044,1.081905775,-31.5193064767,0.85352,-0.9541,100.56,1.58547324523,1.33461416528,-31.5790431902,1687561194.7326047
285,28,1.72133263622,1.05049405729,-31.5760683393,0.85303,-0.89795,101.31,1.62446927084,1.29718272378,-30.8538010078,1687561194.8026676
286,28,1.75877160903,1.00954159647,-30.7728310999,0.85645,-0.84961,101.69,1.66078466624,1.26013972211,-30.5105694032,1687561194.8730955
287,28,1.7965596412,0.976255030509,-29.5712270167,0.86035,-0.80371,101.94,1.69193982048,1.2279170751,-30.2211610019,1687561194.9427218
288,28,1.83301648591,0.932206455139,-29.9512843638,0.87207,-0.76318,101.56,1.71793670688,1.19009966091,-30.6248655305,1687561195.0130165
289,28,1.87181644092,0.90503392714,-28.9975900401,0.8877,-0.729,99.062,1.73931402532,1.15031566168,-32.9889516665,1687561195.0871656
290,28,1.9036936829,0.873903089927,-30.3714636815,0.87012,-0.74463,98.875,1.7555651736,1.11508821211,-33.8833133447,1687561195.1570833
291,28,1.92700940918,0.845248844506,-32.4987615155,0.8833,-0.71045,98.5,1.77378658536,1.07961907247,-34.4039857147,1687561195.2268648
292,28,1.94723231197,0.813433454168,-33.1874651947,0.8999,-0.67188,97.75,1.79354468541,1.03907806512,-35.0096245778,1687561195.2956078
293,28,1.96617431021,0.776562905693,-35.0155877409,0.91748,-0.62207,96.75,1.81297890083,0.996977656251,-35.8852839972,1687561195.365088
294,28,1.98007939808,0.753872287182,-34.2540269478,0.92578,-0.57373,96.562,1.82823270973,0.964772386845,-36.3345902128,1687561195.4349165
295,28,2.002,0.721,-34.7556198526,0.93945,-0.5293,95.75,1.84689140091,0.922121365983,-37.1543272067,1687561195.5047631
296,28,2.02456632368,0.678715496225,-35.3218497988,0.95703,-0.4668,94.5,1.86463059944,0.879990068692,-38.5964368271,1687561195.5753565
297,28,2.03533540244,0.650051036413,-36.2162310104,0.97803,-0.42798,92.938,1.87973255252,0.842620207994,-39.9935092825,1687561195.6455524
298,28,2.05757066825,0.603312835692,-38.2019882847,0.99268,-0.38672,91.812,1.89724768577,0.801682300452,-41.2738526559,1687561195.7169826
299,28,2.07592890212,0.561115549874,-40.0826787942,1.0107,-0.34375,90.875,1.91345453704,0.76440378393,-42.1045451148,1687561195.7875385
300,28,2.0947560039,0.524769867474,-40.7871725878,1.0244,-0.30908,90.25,1.93098760931,0.727416491959,-42.8090389084,1687561195.859291
301,28,2.104,0.486,-41.6425725501,1.0293,-0.24072,89.625,1.95089370818,0.686184143563,-44.0332594219,1687561195.9325292
302,28,2.12237118258,0.452381417053,-42.6578913328,1.0674,-0.13733,87.25,1.96922566444,0.649015053803,-44.764091797,1687561196.0040884
303,28,2.13988965294,0.412995201291,-43.4939314828,1.085,-0.098022,86.312,1.98900960001,0.607463491106,-45.7260395657,1687561196.074534
304,28,2.15172619733,0.381080596734,-44.4858184651,1.0977,-0.061707,85.562,2.00697915975,0.570591030041,-46.6039943836,1687561196.148965
305,28,2.16692932171,0.348233775135,-44.8925069692,1.1152,-0.029938,84.875,2.02523364654,0.533847600907,-47.126655716,1687561196.219145
306,28,2.1867294434,0.307372288682,-46.3730121044,1.1318,0.0047302,84.5,2.04501254651,0.492397521702,-47.6486699281,1687561196.2887366
307,28,2.20827666759,0.249313043969,-46.7696783065,1.1465,0.056519,83.562,2.06475100267,0.450374006088,-48.5399976855,1687561196.3594966
308,28,2.22661589661,0.211394659856,-47.9539448814,1.166,0.10724,82.625,2.08361513919,0.408001851399,-49.371559397,1687561196.4306247
309,28,2.24135984901,0.182715272102,-48.8157461783,1.1797,0.14197,82.062,2.0980274763,0.375008561349,-49.9981866463,1687561196.4985003
310,28,2.26037115392,0.139383948986,-49.3989790658,1.2012,0.17908,81.188,2.11594085779,0.332900016935,-50.8027233748,1687561196.5683558
311,28,2.27840753606,0.0968606071669,-50.0093571449,1.2109,0.23096,80.75,2.13338395883,0.289129863608,-51.4708862762,1687561196.6384468
312,28,2.29118014136,0.0580120157689,-50.795651108,1.2275,0.27759,80.062,2.14892715445,0.251530045063,-52.1539714216,1687561196.7086463
313,28,2.30198452464,0.0263042112474,-51.0407958794,1.2568,0.31128,78.875,2.16597178268,0.208398446775,-52.8589536109,1687561196.7832823
314,28,2.31182907203,-0.00985699333085,-52.2281020581,1.249,0.40527,78.062,2.17984639039,0.170500192741,-53.6003143934,1687561196.854145
315,28,2.32558099645,-0.0495700944331,-53.1043571959,1.2666,0.44653,77.375,2.19602878382,0.1269183192,-54.4149483217,1687561196.9241269
316,28,2.33661958187,-0.0891023702516,-53.8821861513,1.292,0.48486,76.625,2.2102941781,0.0885036847931,-55.0760665908,1687561196.9938135
317,28,2.35205763777,-0.132433344451,-54.4005459881,1.3184,0.51318,75.25,2.22596380954,0.0451555002896,-55.8809893953,1687561197.0644617
318,28,2.36682637516,-0.179844559018,-55.677819464,1.3379,0.55762,74.375,2.24192492283,0.00171136757162,-56.6501825357,1687561197.1351
319,28,2.37771881219,-0.212973410462,-56.1733777651,1.3594,0.59375,73.938,2.2553118506,-0.0374608989941,-57.2739809224,1687561197.2060227
320,28,2.39291620332,-0.256997534289,-56.9461010083,1.3857,0.62646,72.812,2.26803501383,-0.0815894254896,-57.8277202093,1687561197.2769651
321,28,2.40318572309,-0.28987992378,-57.4248922853,1.4062,0.65527,72.062,2.27676551238,-0.116986373689,-58.4200243604,1687561197.3478951
322,28,2.41699145393,-0.334836411225,-58.1843811015,1.4268,0.69434,71.375,2.28720678169,-0.162089812086,-59.0712061617,1687561197.4183552
323,28,2.42190168781,-0.360290009798,-58.6245906571,1.4609,0.7251,70.625,2.29585407925,-0.207012143084,-59.6048987073,1687561197.4884026
324,28,2.42434247189,-0.380219464092,-59.1113537604,1.4863,0.75342,69.625,2.30218486922,-0.248604618529,-60.3879846449,1687561197.5584636
325,28,2.44157357037,-0.462157945352,-60.2216666394,1.5146,0.78564,69.0,2.30860152285,-0.294650607482,-61.0202201121,1687561197.6328077
326,28,2.44668154696,-0.509164447857,-60.6770457035,1.5449,0.78955,63.875,2.31413824509,-0.340307023737,-61.6505802023,1687561197.702689
327,28,2.45023960938,-0.539634983153,-61.1450298138,1.5771,0.81738,63.438,2.3184237745,-0.381133779078,-62.0579018483,1687561197.7729826
328,28,2.45557169469,-0.580150398608,-61.9042095638,1.5977,0.85107,63.156,2.32310445249,-0.427017163962,-62.5169498821,1687561197.8436174
329,28,2.46050836904,-0.61468009053,-62.2965561543,1.6309,0.87451,62.469,2.3271295867,-0.468039167205,-63.0906162795,1687561197.9141152
330,28,2.462,-0.655,-62.8534701259,1.667,0.88672,61.438,2.33155417581,-0.508803055617,-63.6142339086,1687561197.983978
331,28,2.46559989854,-0.692208990664,-62.933101455,1.708,0.91309,60.594,2.33531299233,-0.550009225558,-64.0992482717,1687561198.053631
332,28,2.46864288107,-0.738334297489,-63.6756798344,1.7393,0.93213,59.656,2.3394850181,-0.596083516977,-64.8706350269,1687561198.123433
333,28,2.4710606035,-0.776074772686,-64.1103842596,1.7686,0.95361,58.938,2.34310680326,-0.636743106091,-65.4910096352,1687561198.1933122
334,28,2.47552186994,-0.821529627386,-64.777361483,1.8057,0.97021,58.125,2.34693680943,-0.682833208201,-65.9715367344,1687561198.263662
335,28,2.47554784076,-0.858894291506,-65.2455762302,1.833,0.9917,57.844,2.34994503629,-0.723913226721,-66.1561876673,1687561198.33325
336,28,2.47631679858,-0.90907601473,-65.6833126482,1.8682,1.0176,57.25,2.35273438996,-0.770016983853,-66.797173493,1687561198.4028008
337,28,2.47666164886,-0.947010601003,-66.4697110155,1.8975,1.041,56.938,2.35540483861,-0.809808071758,-67.1675182399,1687561198.475885
338,28,2.47788752353,-0.987238685783,-66.834839155,2.0098,1.0664,56.469,2.35749511178,-0.855878183646,-67.6924544259,1687561198.5456562
339,28,2.48038282941,-1.02778285938,-66.8285347769,2.0488,1.0889,56.094,2.35956446112,-0.89688641803,-67.98029705,1687561198.615006
340,28,2.48131241669,-1.06835368055,-67.7941817951,2.0762,1.1104,55.375,2.36105985266,-0.937635367538,-68.6711553834,1687561198.6844988
341,28,2.48431310872,-1.1136725667,-68.2561730457,2.1191,1.1328,54.75,2.36336656594,-0.982994872249,-69.133146634,1687561198.7549288
342,28,2.48025429748,-1.14404996031,-68.0859808237,2.1504,1.1582,54.469,2.3650278109,-1.02257067729,-69.3930823783,1687561198.8263958
343,28,2.48151658456,-1.18015973076,-68.2943458946,2.1855,1.1836,54.594,2.36666566187,-1.06823075909,-69.4053190696,1687561198.896625
344,28,2.48137775996,-1.21886519833,-69.1990915857,2.2109,1.2012,54.562,2.36771347457,-1.10847795983,-69.5479644836,1687561198.9671311
345,28,2.48225235781,-1.26298442561,-69.1183906148,2.2422,1.2275,54.25,2.36910646436,-1.15371123186,-69.917752648,1687561199.0378468
346,28,2.48154717065,-1.30203172361,-69.0950243173,2.291,1.248,53.688,2.37010501091,-1.19879872494,-70.1532851852,1687561199.1087341
347,28,2.48032461805,-1.33798648015,-69.2233273189,2.3184,1.2676,53.469,2.37079557366,-1.23862471258,-70.3461468229,1687561199.1791368
348,28,2.47947804583,-1.38850991387,-69.7018553384,2.3574,1.2793,52.938,2.37128893318,-1.28254150628,-70.6577626984,1687561199.2486584
349,28,2.47802912578,-1.42650472166,-70.2523221324,2.3984,1.2979,52.844,2.37150616826,-1.32636446016,-70.6793743457,1687561199.3215928
350,28,2.47767741366,-1.45686709444,-70.3333264663,2.5195,1.2725,50.438,2.37204439702,-1.35941629156,-70.7400077615,1687561199.3916194
351,28,2.47846923786,-1.4985255172,-70.0968542986,2.5527,1.2998,50.688,2.37254051529,-1.4010792852,-70.5035355938,1687561199.4626245
352,28,2.47938581871,-1.53828343997,-69.932261359,2.5938,1.3164,50.531,2.37317487656,-1.44084271223,-70.3389426542,1687561199.5316935
353,28,2.47925449442,-1.5726037369,-69.8546686294,2.6211,1.334,50.594,2.37279995464,-1.47516121251,-70.2613499245,1687561199.6013186
354,28,2.47911216749,-1.60915322174,-70.1653498994,2.6504,1.3516,50.344,2.37239820788,-1.51170876644,-70.5720311945,1687561199.6800425
355,28,2.48017690271,-1.64367944605,-70.4246640122,2.6738,1.3691,50.25,2.37321785369,-1.54624167837,-70.8313453073,1687561199.749181
356,28,2.48152802033,-1.67285015147,-70.7150753948,2.6992,1.3926,50.156,2.37449075883,-1.57900067446,-71.0646133748,1687561199.8189623
357,28,2.48291291571,-1.70516113936,-70.6036509436,2.7188,1.4092,50.125,2.37551740883,-1.60774124281,-71.0103322387,1687561199.888439
358,28,2.48551130481,-1.73483652,-70.3696945361,2.7422,1.4297,50.5,2.37790510054,-1.63743431894,-70.7763758312,1687561199.9573874
359,28,2.48732158075,-1.76120806672,-70.2316105587,2.7598,1.4414,50.844,2.37952814912,-1.66381805045,-70.6382918538,1687561200.0281193
360,28,2.48970465937,-1.79028104082,-70.1219823719,2.7812,1.4561,51.0,2.38170481158,-1.69290720698,-70.5286636671,1687561200.0983536
361,28,2.49169310975,-1.81643570347,-70.2720901872,2.8027,1.4736,50.875,2.38350756952,-1.71907532455,-70.6787714823,1687561200.1682982
362,28,2.4939942753,-1.84694962128,-70.1638576408,2.832,1.4902,51.0,2.38559209335,-1.74960480707,-70.5705389359,1687561200.2374995
363,28,2.49536555161,-1.87470152198,-70.1726615556,2.8535,1.5127,51.156,2.38676635579,-1.77736574184,-70.5793428508,1687561200.3065758
364,28,2.49600467375,-1.90265078831,-70.226773393,2.8711,1.5303,51.406,2.38720708162,-1.80531884053,-70.6334546882,1687561200.3756297
365,28,2.49694306009,-1.93654834902,-70.1925547095,2.9004,1.5518,51.469,2.38790484391,-1.8392222079,-70.5992360047,1687561200.447938
366,28,2.49646612353,-1.96059466971,-70.0351513988,3.002,1.5742,51.031,2.38725724176,-1.86326453762,-70.441832694,1687561200.5170302
367,28,2.49579087288,-1.98855040865,-69.6438367415,3.0273,1.5898,51.219,2.38638358197,-1.89121477951,-70.0505180367,1687561200.5858407
368,28,2.49420369444,-2.01023765609,-69.4685814571,3.0527,1.5947,51.062,2.38464251029,-1.91289021507,-69.8752627523,1687561200.6553884
369,28,2.49262466433,-2.03113755373,-69.1790567911,3.0742,1.6055,51.469,2.38291517524,-1.93377837848,-69.5857380863,1687561200.7228894
370,28,2.48996944691,-2.05063553556,-68.996978508,3.0898,1.6123,51.688,2.38012163061,-1.95325702277,-69.4036598032,1687561200.7921927
371,28,2.48816625556,-2.06714688303,-68.6143263726,3.0996,1.6211,52.188,2.37820128932,-1.9697551555,-69.0210076677,1687561200.8609424
372,28,2.485534679,-2.08109734558,-68.1960446641,3.1152,1.6279,52.781,2.37547076051,-1.98368658806,-68.6027259592,1687561200.929827
373,28,2.483212871,-2.09408147284,-67.4526423528,3.1328,1.6299,53.125,2.37305685137,-1.99665390835,-67.859323648,1687561200.9981103
374,34,2.48094196681,-2.10540519346,-66.7424639772,3.1406,1.6289,53.469,2.37070563011,-2.00796122516,-67.1491452723,1687561201.0711222
375,34,2.47905536705,-2.11363579527,-66.1681522107,3.1797,1.6182,53.562,2.36863876551,-2.01711134734,-66.4655856951,1687561201.1427987
376,34,2.47765450061,-2.12153926719,-65.3438405172,3.1855,1.6172,54.062,2.3673037292,-2.02407155846,-65.7505218123,1687561201.2135606
377,34,2.4764202321,-2.12726106757,-64.8030072572,3.1895,1.6162,54.375,2.36588262165,-2.03036735589,-65.151584353,1687561201.283654
378,34,2.47553595772,-2.13156028562,-64.4282792386,3.1934,1.6152,54.344,2.36511411181,-2.03407728732,-64.8349605338,1687561201.354373
379,34,2.47487020041,-2.13428409267,-64.1860152187,3.1973,1.6133,54.5,2.36442903805,-2.0367963003,-64.5926965139,1687561201.4253905
380,34,2.47457382422,-2.13513410718,-64.2068296462,3.1953,1.6055,54.25,2.36412663603,-2.03764418976,-64.6135109413,1687561201.4961097
381,43,2.47463476272,-2.13466305842,-64.2645946388,3.1895,1.6045,54.031,2.36419091644,-2.0371735854,-64.6712759339,1687561201.572375
382,43,2.47486443476,-2.13391689705,-64.2966767898,3.3105,1.5742,50.344,2.36442587885,-2.03642907301,-64.703358085,1687561201.647902
383,43,2.47496352184,-2.13371494292,-64.1968914546,3.3145,1.5684,50.0,2.36452639687,-2.03622782727,-64.6035727497,1687561201.7230024
384,43,2.47495867098,-2.13375910274,-64.1968914546,3.3145,1.5713,49.844,2.36452123269,-2.03627195155,-64.6035727497,1687561201.798802
385,43,2.47493743379,-2.13376937062,-64.1968914546,3.3242,1.5713,49.875,2.36449992316,-2.03628206843,-64.6035727497,1687561201.874431
386,43,2.47493743379,-2.13376937062,-64.1968914546,3.3262,1.5742,49.844,2.36449992316,-2.03628206843,-64.6035727497,1687561201.9502964
387,43,2.47493743379,-2.13376937062,-64.1968914546,3.3223,1.5742,49.625,2.36449992316,-2.03628206843,-64.6035727497,1687561202.0257907
388,43,2.47493743379,-2.13376937062,-64.1968914546,3.3262,1.5703,49.188,2.36449992316,-2.03628206843,-64.6035727497,1687561202.1006868
389,43,2.47493743379,-2.13376937062,-64.1968914546,3.3281,1.5703,49.25,2.36449992316,-2.03628206843,-64.6035727497,1687561202.1761477
390,43,2.47493743379,-2.13376937062,-64.1968914546,3.3301,1.5732,49.219,2.36449992316,-2.03628206843,-64.6035727497,1687561202.2517757
391,43,2.47493743379,-2.13376937062,-64.1968914546,3.3301,1.5713,48.781,2.36449992316,-2.03628206843,-64.6035727497,1687561202.3267713
392,43,2.47493743379,-2.13376937062,-64.1968914546,3.3281,1.5664,48.438,2.36449992316,-2.03628206843,-64.6035727497,1687561202.4016511
393,37,2.47493743379,-2.13376937062,-64.1968914546,3.3223,1.5645,48.094,2.36449992316,-2.03628206843,-64.6035727497,1687561202.4806216
394,37,2.47493743379,-2.13376937062,-64.1968914546,3.3105,1.5449,44.625,2.36449992316,-2.03628206843,-64.6035727497,1687561202.5537183
395,37,2.47493743379,-2.13376937062,-64.1968914546,3.3145,1.5391,43.844,2.36449992316,-2.03628206843,-64.6035727497,1687561202.6262853
396,37,2.47493743379,-2.13376937062,-64.1968914546,3.3105,1.541,43.719,2.36449992316,-2.03628206843,-64.6035727497,1687561202.7003815
397,37,2.47493743379,-2.13376937062,-64.1968914546,3.3086,1.5381,42.625,2.36449992316,-2.03628206843,-64.6035727497,1687561202.7731948
398,37,2.47493743379,-2.13376937062,-64.1968914546,3.3086,1.5371,42.031,2.36449992316,-2.03628206843,-64.6035727497,1687561202.8461766
399,37,2.47493743379,-2.13376937062,-64.1968914546,3.3105,1.5361,42.094,2.36449992316,-2.03628206843,-64.6035727497,1687561202.9193847
400,37,2.47493743379,-2.13376937062,-64.1968914546,3.3125,1.5352,41.5,2.36449992316,-2.03628206843,-64.6035727497,1687561202.992235
401,37,2.47493743379,-2.13376937062,-64.1968914546,3.3086,1.5332,41.531,2.36449992316,-2.03628206843,-64.6035727497,1687561203.0669117
402,37,2.47493743379,-2.13376937062,-64.1968914546,3.3105,1.5312,41.062,2.36449992316,-2.03628206843,-64.6035727497,1687561203.138267
403,37,2.47493743379,-2.13376937062,-64.1968914546,3.3184,1.5283,40.562,2.36449992316,-2.03628206843,-64.6035727497,1687561203.2113056
404,37,2.47493743379,-2.13376937062,-64.1968914546,3.3145,1.5254,39.75,2.36449992316,-2.03628206843,-64.6035727497,1687561203.284739
405,37,2.47493743379,-2.13376937062,-64.1968914546,3.3145,1.5215,39.344,2.36449992316,-2.03628206843,-64.6035727497,1687561203.357406
406,37,2.47493743379,-2.13376937062,-64.1968914546,3.3125,1.5215,39.406,2.36449992316,-2.03628206843,-64.6035727497,1687561203.4304936
407,37,2.47493743379,-2.13376937062,-64.1968914546,3.3125,1.5186,38.875,2.36449992316,-2.03628206843,-64.6035727497,1687561203.503918
408,37,2.47493743379,-2.13376937062,-64.1968914546,3.3105,1.5186,38.844,2.36449992316,-2.03628206843,-64.6035727497,1687561203.5774398
409,37,2.47493743379,-2.13376937062,-64.1968914546,3.3164,1.5176,38.5,2.36449992316,-2.03628206843,-64.6035727497,1687561203.6502945
410,31,2.47493743379,-2.13376937062,-64.1968914546,3.3086,1.5137,37.875,2.36449992316,-2.03628206843,-64.6035727497,1687561203.7252445
411,31,2.47493743379,-2.13376937062,-64.1968914546,3.3184,1.4746,32.25,2.36449992316,-2.03628206843,-64.6035727497,1687561203.795427
412,31,2.47493743379,-2.13376937062,-64.1968914546,3.3145,1.4775,32.062,2.36449992316,-2.03628206843,-64.6035727497,1687561203.86603
413,31,2.47493743379,-2.13376937062,-64.1968914546,3.3164,1.4775,31.906,2.36449992316,-2.03628206843,-64.6035727497,1687561203.9366963
414,31,2.47493743379,-2.13376937062,-64.1968914546,3.3125,1.4775,31.844,2.36449992316,-2.03628206843,-64.6035727497,1687561204.0069463
415,31,2.47493743379,-2.13376937062,-64.1968914546,3.3145,1.4824,31.641,2.36449992316,-2.03628206843,-64.6035727497,1687561204.0774863
416,31,2.47493743379,-2.13376937062,-64.1968914546,3.3125,1.4834,31.609,2.36449992316,-2.03628206843,-64.6035727497,1687561204.1489856
417,31,2.47493743379,-2.13376937062,-64.1968914546,3.3105,1.4814,31.406,2.36449992316,-2.03628206843,-64.6035727497,1687561204.2198997
418,31,2.47493743379,-2.13376937062,-64.1968914546,3.3125,1.4824,31.281,2.36449992316,-2.03628206843,-64.6035727497,1687561204.2908874
419,31,2.47493743379,-2.13376937062,-64.1968914546,3.3145,1.4834,31.078,2.36449992316,-2.03628206843,-64.6035727497,1687561204.3603163
420,31,2.47493743379,-2.13376937062,-64.1968914546,3.3105,1.4805,30.719,2.36449992316,-2.03628206843,-64.6035727497,1687561204.4306486
421,31,2.47493743379,-2.13376937062,-64.1968914546,3.3105,1.4824,30.641,2.36449992316,-2.03628206843,-64.6035727497,1687561204.5010352
422,31,2.47493743379,-2.13376937062,-64.1968914546,3.3066,1.4805,30.578,2.36449992316,-2.03628206843,-64.6035727497,1687561204.571607
423,31,2.47493743379,-2.13376937062,-64.1968914546,3.3105,1.4795,30.391,2.36449992316,-2.03628206843,-64.6035727497,1687561204.6424344
424,25,2.47493743379,-2.13376937062,-64.1968914546,3.3047,1.4814,30.312,2.36449992316,-2.03628206843,-64.6035727497,1687561204.7158766
425,25,2.47493743379,-2.13376937062,-64.1968914546,3.293,1.4111,25.922,2.36449992316,-2.03628206843,-64.6035727497,1687561204.7837868
426,25,2.47493743379,-2.13376937062,-64.1968914546,3.2949,1.4121,25.703,2.36449992316,-2.03628206843,-64.6035727497,1687561204.8511136
427,25,2.47493743379,-2.13376937062,-64.1968914546,3.293,1.4141,25.719,2.36449992316,-2.03628206843,-64.6035727497,1687561204.9194252
428,25,2.47493743379,-2.13376937062,-64.1968914546,3.293,1.4121,25.516,2.36449992316,-2.03628206843,-64.6035727497,1687561204.9878595
429,25,2.47493743379,-2.13376937062,-64.1968914546,3.2871,1.4111,25.312,2.36449992316,-2.03628206843,-64.6035727497,1687561205.0560932
430,25,2.47493743379,-2.13376937062,-64.1968914546,3.2891,1.4111,25.141,2.36449992316,-2.03628206843,-64.6035727497,1687561205.1243625
431,25,2.47493743379,-2.13376937062,-64.1968914546,3.2852,1.4111,25.078,2.36449992316,-2.03628206843,-64.6035727497,1687561205.1924486
432,25,2.47493743379,-2.13376937062,-64.1968914546,3.2891,1.4131,24.891,2.36449992316,-2.03628206843,-64.6035727497,1687561205.2599406
433,25,2.47493743379,-2.13376937062,-64.1968914546,3.2871,1.4121,24.875,2.36449992316,-2.03628206843,-64.6035727497,1687561205.3282049
434,25,2.47493743379,-2.13376937062,-64.1968914546,3.2852,1.4131,24.781,2.36449992316,-2.03628206843,-64.6035727497,1687561205.3997626
435,25,2.47493743379,-2.13376937062,-64.1968914546,3.291,1.4141,24.641,2.36449992316,-2.03628206843,-64.6035727497,1687561205.4672308
436,25,2.47493743379,-2.13376937062,-64.1968914546,3.2891,1.415,24.484,2.36449992316,-2.03628206843,-64.6035727497,1687561205.5348432
437,25,2.47493743379,-2.13376937062,-64.1968914546,3.2891,1.4141,24.328,2.36449992316,-2.03628206843,-64.6035727497,1687561205.6022613
438,25,2.47493743379,-2.13376937062,-64.1968914546,3.291,1.4141,24.266,2.36449992316,-2.03628206843,-64.6035727497,1687561205.6703813
439,25,2.47493743379,-2.13376937062,-64.1968914546,3.2852,1.4141,24.109,2.36449992316,-2.03628206843,-64.6035727497,1687561205.7378986
440,25,2.47493743379,-2.13376937062,-64.1968914546,3.2852,1.4141,24.141,2.36449992316,-2.03628206843,-64.6035727497,1687561205.806303
441,25,2.47493743379,-2.13376937062,-64.1968914546,3.2891,1.415,24.031,2.36449992316,-2.03628206843,-64.6035727497,1687561205.8738134
442,25,2.47493743379,-2.13376937062,-64.1968914546,3.2852,1.416,23.922,2.36449992316,-2.03628206843,-64.6035727497,1687561205.941628
443,25,2.47493743379,-2.13376937062,-64.1968914546,3.2871,1.417,23.922,2.36449992316,-2.03628206843,-64.6035727497,1687561206.009814
444,25,2.47493743379,-2.13376937062,-64.1968914546,3.2852,1.416,23.75,2.36449992316,-2.03628206843,-64.6035727497,1687561206.0779507
445,25,2.47493743379,-2.13376937062,-64.1968914546,3.2852,1.418,23.688,2.36449992316,-2.03628206843,-64.6035727497,1687561206.145634
446,25,2.47493743379,-2.13376937062,-64.1968914546,3.2891,1.418,23.609,2.36449992316,-2.03628206843,-64.6035727497,1687561206.2135057
447,25,2.47493743379,-2.13376937062,-64.1968914546,3.2891,1.418,23.625,2.36449992316,-2.03628206843,-64.6035727497,1687561206.2818525
448,25,2.47493743379,-2.13376937062,-64.1968914546,3.2871,1.418,23.516,2.36449992316,-2.03628206843,-64.6035727497,1687561206.349313
449,25,2.47493743379,-2.13376937062,-64.1968914546,3.2891,1.4189,23.547,2.36449992316,-2.03628206843,-64.6035727497,1687561206.4172442
450,25,2.47493743379,-2.13376937062,-64.1968914546,3.2852,1.4199,23.391,2.36449992316,-2.03628206843,-64.6035727497,1687561206.4847145
451,25,2.47493743379,-2.13376937062,-64.1968914546,3.291,1.4199,23.359,2.36449992316,-2.03628206843,-64.6035727497,1687561206.5525484
452,25,2.47493743379,-2.13376937062,-64.1968914546,3.2871,1.4209,23.25,2.36449992316,-2.03628206843,-64.6035727497,1687561206.6202989
453,25,2.47493743379,-2.13376937062,-64.1968914546,3.2832,1.4219,23.156,2.36449992316,-2.03628206843,-64.6035727497,1687561206.6889272
454,25,2.47493743379,-2.13376937062,-64.1968914546,3.291,1.4229,23.109,2.36449992316,-2.03628206843,-64.6035727497,1687561206.755795
455,25,2.47493743379,-2.13376937062,-64.1968914546,3.291,1.4238,23.109,2.36449992316,-2.03628206843,-64.6035727497,1687561206.824539
456,25,2.47493743379,-2.13376937062,-64.1968914546,3.2871,1.4229,23.0,2.36449992316,-2.03628206843,-64.6035727497,1687561206.8926096
457,25,2.47493743379,-2.13376937062,-64.1968914546,3.2871,1.4238,22.984,2.36449992316,-2.03628206843,-64.6035727497,1687561206.9608624
458,25,2.47492330955,-2.13376725374,-64.1968914546,3.2871,1.4258,22.984,2.3644858143,-2.03627985135,-64.6035727497,1687561207.029568
459,25,2.47492330955,-2.13376725374,-64.1968914546,3.2891,1.4248,22.938,2.3644858143,-2.03627985135,-64.6035727497,1687561207.0980966
460,25,2.47492330955,-2.13376725374,-64.1968914546,3.291,1.4258,22.953,2.3644858143,-2.03627985135,-64.6035727497,1687561207.1662216
461,25,2.47492330955,-2.13376725374,-64.1968914546,3.291,1.4268,22.891,2.3644858143,-2.03627985135,-64.6035727497,1687561207.2342412
462,25,2.47492330955,-2.13376725374,-64.1968914546,3.2891,1.4248,22.812,2.3644858143,-2.03627985135,-64.6035727497,1687561207.3026724
463,25,2.47492330955,-2.13376725374,-64.1968914546,3.291,1.4258,22.766,2.3644858143,-2.03627985135,-64.6035727497,1687561207.368866
464,25,2.47492330955,-2.13376725374,-64.1968914546,3.2871,1.4277,22.797,2.3644858143,-2.03627985135,-64.6035727497,1687561207.4373047
465,25,2.47492330955,-2.13376725374,-64.1968914546,3.2891,1.4287,22.828,2.3644858143,-2.03627985135,-64.6035727497,1687561207.5059056
466,25,2.47492330955,-2.13376725374,-64.1968914546,3.2891,1.4307,22.797,2.3644858143,-2.03627985135,-64.6035727497,1687561207.57414
467,25,2.47492330955,-2.13376725374,-64.1968914546,3.293,1.4316,22.719,2.3644858143,-2.03627985135,-64.6035727497,1687561207.6415763
468,25,2.47492330955,-2.13376725374,-64.1968914546,3.293,1.4316,22.641,2.3644858143,-2.03627985135,-64.6035727497,1687561207.709088
469,25,2.47492330955,-2.13376725374,-64.1968914546,3.2891,1.4336,22.594,2.3644858143,-2.03627985135,-64.6035727497,1687561207.7764473
470,25,2.47492330955,-2.13376725374,-64.1968914546,3.291,1.4326,22.531,2.3644858143,-2.03627985135,-64.6035727497,1687561207.8438342
471,25,2.47492330955,-2.13376725374,-64.1968914546,3.293,1.4326,22.547,2.3644858143,-2.03627985135,-64.6035727497,1687561207.9131033
472,25,2.47492330955,-2.13376725374,-64.1968914546,3.2949,1.4336,22.5,2.3644858143,-2.03627985135,-64.6035727497,1687561207.9797423
473,25,2.47492330955,-2.13376725374,-64.1968914546,3.291,1.4326,22.438,2.3644858143,-2.03627985135,-64.6035727497,1687561208.0469575
474,25,2.47492330955,-2.13376725374,-64.1968914546,3.293,1.4346,22.375,2.3644858143,-2.03627985135,-64.6035727497,1687561208.114282
475,25,2.47492330955,-2.13376725374,-64.1968914546,3.2949,1.4375,22.391,2.3644858143,-2.03627985135,-64.6035727497,1687561208.1820958
476,25,2.47492330955,-2.13376725374,-64.1968914546,3.2891,1.4365,22.375,2.3644858143,-2.03627985135,-64.6035727497,1687561208.2506077
477,25,2.47492330955,-2.13376725374,-64.1968914546,3.293,1.4365,22.328,2.3644858143,-2.03627985135,-64.6035727497,1687561208.3183475
478,25,2.47492330955,-2.13376725374,-64.1968914546,3.2891,1.4365,22.344,2.3644858143,-2.03627985135,-64.6035727497,1687561208.3865018
479,25,2.47492330955,-2.13376725374,-64.1968914546,3.293,1.4355,22.297,2.3644858143,-2.03627985135,-64.6035727497,1687561208.454041
480,25,2.47492330955,-2.13376725374,-64.1968914546,3.293,1.4375,22.281,2.3644858143,-2.03627985135,-64.6035727497,1687561208.5216265
481,25,2.47492330955,-2.13376725374,-64.1968914546,3.291,1.4365,22.219,2.3644858143,-2.03627985135,-64.6035727497,1687561208.5892565
482,25,2.47492330955,-2.13376725374,-64.1968914546,3.2949,1.4404,22.188,2.3644858143,-2.03627985135,-64.6035727497,1687561208.6567528
483,25,2.47492330955,-2.13376725374,-64.1968914546,3.293,1.4424,22.172,2.3644858143,-2.03627985135,-64.6035727497,1687561208.724367
484,25,2.47492330955,-2.13376725374,-64.1968914546,3.291,1.4434,22.172,2.3644858143,-2.03627985135,-64.6035727497,1687561208.7921762
485,25,2.47492330955,-2.13376725374,-64.1968914546,3.2891,1.4414,22.188,2.3644858143,-2.03627985135,-64.6035727497,1687561208.8602881
486,25,2.47492330955,-2.13376725374,-64.1968914546,3.2871,1.4414,22.156,2.3644858143,-2.03627985135,-64.6035727497,1687561208.9277399
487,25,2.47492330955,-2.13376725374,-64.1968914546,3.293,1.4434,22.109,2.3644858143,-2.03627985135,-64.6035727497,1687561208.995196
488,25,2.47492330955,-2.13376725374,-64.1968914546,3.293,1.4453,22.141,2.3644858143,-2.03627985135,-64.6035727497,1687561209.0633886
489,25,2.47492330955,-2.13376725374,-64.1968914546,3.293,1.4463,22.125,2.3644858143,-2.03627985135,-64.6035727497,1687561209.1310613
490,25,2.47492330955,-2.13376725374,-64.1968914546,3.291,1.4473,22.141,2.3644858143,-2.03627985135,-64.6035727497,1687561209.1991563
491,25,2.47492330955,-2.13376725374,-64.1968914546,3.2949,1.4482,22.156,2.3644858143,-2.03627985135,-64.6035727497,1687561209.2675362
492,25,2.47492330955,-2.13376725374,-64.1968914546,3.2949,1.4473,22.156,2.3644858143,-2.03627985135,-64.6035727497,1687561209.3354485
493,25,2.47492330955,-2.13376725374,-64.1968914546,3.2949,1.4482,22.141,2.3644858143,-2.03627985135,-64.6035727497,1687561209.4033806
494,25,2.47492330955,-2.13376725374,-64.1968914546,3.293,1.4492,22.125,2.3644858143,-2.03627985135,-64.6035727497,1687561209.4714067
495,25,2.47492330955,-2.13376725374,-64.1968914546,3.2949,1.4492,22.188,2.3644858143,-2.03627985135,-64.6035727497,1687561209.5395348
496,25,2.47492330955,-2.13376725374,-64.1968914546,3.291,1.4492,22.156,2.3644858143,-2.03627985135,-64.6035727497,1687561209.6071208
497,25,2.47492330955,-2.13376725374,-64.1968914546,3.293,1.4512,22.141,2.3644858143,-2.03627985135,-64.6035727497,1687561209.675641
498,25,2.47492330955,-2.13376725374,-64.1968914546,3.293,1.4502,22.094,2.3644858143,-2.03627985135,-64.6035727497,1687561209.743684
499,25,2.47492330955,-2.13376725374,-64.1968914546,3.293,1.4521,22.109,2.3644858143,-2.03627985135,-64.6035727497,1687561209.8118298
500,25,2.47492330955,-2.13376725374,-64.1968914546,3.293,1.4531,22.062,2.3644858143,-2.03627985135,-64.6035727497,1687561209.8793602
501,25,2.47492330955,-2.13376725374,-64.1968914546,3.293,1.4512,22.062,2.3644858143,-2.03627985135,-64.6035727497,1687561209.9472852
502,25,2.47492330955,-2.13376725374,-64.1968914546,3.293,1.4512,22.062,2.3644858143,-2.03627985135,-64.6035727497,1687561210.015239
503,25,2.47492330955,-2.13376725374,-64.1968914546,3.2949,1.4541,22.078,2.3644858143,-2.03627985135,-64.6035727497,1687561210.0831969
504,25,2.47492330955,-2.13376725374,-64.1968914546,3.2969,1.4551,22.062,2.3644858143,-2.03627985135,-64.6035727497,1687561210.1518502
505,25,2.47492330955,-2.13376725374,-64.1968914546,3.2949,1.4551,22.094,2.3644858143,-2.03627985135,-64.6035727497,1687561210.2200315
506,25,2.47492330955,-2.13376725374,-64.1968914546,3.293,1.457,22.109,2.3644858143,-2.03627985135,-64.6035727497,1687561210.2903974
507,25,2.47492330955,-2.13376725374,-64.1968914546,3.2949,1.457,22.156,2.3644858143,-2.03627985135,-64.6035727497,1687561210.3567464
508,25,2.47492330955,-2.13376725374,-64.1968914546,3.2949,1.458,22.125,2.3644858143,-2.03627985135,-64.6035727497,1687561210.4247665
509,25,2.4749523459,-2.13377311708,-64.1968914546,3.291,1.457,22.094,2.3645148083,-2.03628592064,-64.6035727497,1687561210.492911
510,25,2.47493664591,-2.13376774105,-64.1968914546,3.291,1.459,22.078,2.36449914687,-2.03628043331,-64.6035727497,1687561210.5612223
511,25,2.47495008385,-2.133741342,-64.1968914546,3.291,1.459,22.047,2.36451277184,-2.0362541303,-64.6035727497,1687561210.629314
512,25,2.47494228464,-2.1337252108,-64.1968914546,3.293,1.46,22.031,2.36450508733,-2.03623794415,-64.6035727497,1687561210.6969652
513,25,2.47494228464,-2.1337252108,-64.1968914546,3.291,1.4609,22.0,2.36450508733,-2.03623794415,-64.6035727497,1687561210.7649724
514,25,2.47494228464,-2.1337252108,-64.1968914546,3.293,1.4619,22.047,2.36450508733,-2.03623794415,-64.6035727497,1687561210.8328843
515,25,2.47494228464,-2.1337252108,-64.1968914546,3.291,1.4609,22.062,2.36450508733,-2.03623794415,-64.6035727497,1687561210.901864
516,25,2.47494228464,-2.1337252108,-64.1968914546,3.2949,1.4619,22.0,2.36450508733,-2.03623794415,-64.6035727497,1687561210.9679763
517,25,2.47494228464,-2.1337252108,-64.1968914546,3.2891,1.4619,22.016,2.36450508733,-2.03623794415,-64.6035727497,1687561211.0356123
518,25,2.47494228464,-2.1337252108,-64.1968914546,3.291,1.46,21.984,2.36450508733,-2.03623794415,-64.6035727497,1687561211.1033835
519,25,2.47494228464,-2.1337252108,-64.1968914546,3.293,1.4609,21.953,2.36450508733,-2.03623794415,-64.6035727497,1687561211.171316
520,25,2.47494228464,-2.1337252108,-64.1968914546,3.2949,1.4619,21.984,2.36450508733,-2.03623794415,-64.6035727497,1687561211.239305
521,25,2.47494228464,-2.1337252108,-64.1968914546,3.2949,1.4639,21.969,2.36450508733,-2.03623794415,-64.6035727497,1687561211.3070977
522,25,2.47494228464,-2.1337252108,-64.1968914546,3.291,1.4639,21.938,2.36450508733,-2.03623794415,-64.6035727497,1687561211.3746734
523,25,2.47494228464,-2.1337252108,-64.1968914546,3.2969,1.4658,21.953,2.36450508733,-2.03623794415,-64.6035727497,1687561211.442656
524,25,2.47494228464,-2.1337252108,-64.1968914546,3.2949,1.4658,21.953,2.36450508733,-2.03623794415,-64.6035727497,1687561211.5119731
525,25,2.47494228464,-2.1337252108,-64.1968914546,3.2949,1.4658,21.969,2.36450508733,-2.03623794415,-64.6035727497,1687561211.579561
526,25,2.47494228464,-2.1337252108,-64.1968914546,3.2891,1.4668,21.938,2.36450508733,-2.03623794415,-64.6035727497,1687561211.6477628
527,25,2.47494228464,-2.1337252108,-64.1968914546,3.291,1.4668,21.953,2.36450508733,-2.03623794415,-64.6035727497,1687561211.7155247
528,25,2.47494228464,-2.1337252108,-64.1968914546,3.2949,1.4678,21.953,2.36450508733,-2.03623794415,-64.6035727497,1687561211.7841275
529,25,2.47494228464,-2.1337252108,-64.1968914546,3.291,1.4688,21.938,2.36450508733,-2.03623794415,-64.6035727497,1687561211.8527608
530,25,2.47494228464,-2.1337252108,-64.1968914546,3.2969,1.4678,21.938,2.36450508733,-2.03623794415,-64.6035727497,1687561211.9207752
531,25,2.47494228464,-2.1337252108,-64.1968914546,3.293,1.4697,21.891,2.36450508733,-2.03623794415,-64.6035727497,1687561211.9885447
532,25,2.47494228464,-2.1337252108,-64.1968914546,3.291,1.4697,21.891,2.36450508733,-2.03623794415,-64.6035727497,1687561212.056455
533,25,2.47494228464,-2.1337252108,-64.1968914546,3.293,1.4717,21.875,2.36450508733,-2.03623794415,-64.6035727497,1687561212.1244082
534,25,2.47494228464,-2.1337252108,-64.1968914546,3.293,1.4697,21.891,2.36450508733,-2.03623794415,-64.6035727497,1687561212.1923819
535,25,2.47494228464,-2.1337252108,-64.1968914546,3.293,1.4697,21.875,2.36450508733,-2.03623794415,-64.6035727497,1687561212.2601979
536,25,2.47494228464,-2.1337252108,-64.1968914546,3.293,1.4717,21.875,2.36450508733,-2.03623794415,-64.6035727497,1687561212.3285887
537,25,2.47494228464,-2.1337252108,-64.1968914546,3.291,1.4707,21.859,2.36450508733,-2.03623794415,-64.6035727497,1687561212.3959596
538,25,2.47494228464,-2.1337252108,-64.1968914546,3.291,1.4717,21.844,2.36450508733,-2.03623794415,-64.6035727497,1687561212.46411
539,25,2.47494228464,-2.1337252108,-64.1968914546,3.291,1.4717,21.812,2.36450508733,-2.03623794415,-64.6035727497,1687561212.5319805
540,25,2.47494228464,-2.1337252108,-64.1968914546,3.293,1.4746,21.844,2.36450508733,-2.03623794415,-64.6035727497,1687561212.5997996
541,25,2.47494228464,-2.1337252108,-64.1968914546,3.293,1.4727,21.844,2.36450508733,-2.03623794415,-64.6035727497,1687561212.6676538
542,25,2.47491246042,-2.13371771789,-64.1968914546,3.291,1.4727,21.781,2.36447531705,-2.03623023975,-64.6035727497,1687561212.73494
543,25,2.47489122323,-2.13372798577,-64.1968914546,3.2949,1.4736,21.844,2.36445400751,-2.03624035663,-64.6035727497,1687561212.8031526
544,25,2.47487631112,-2.13372423932,-64.1968914546,3.2949,1.4736,21.812,2.36443912236,-2.03623650442,-64.6035727497,1687561212.871182
545,25,2.47487631112,-2.13372423932,-64.1968914546,3.291,1.4736,21.797,2.36443912236,-2.03623650442,-64.6035727497,1687561212.9388216
546,25,2.47486851197,-2.1337081081,-64.1968914546,3.2949,1.4746,21.781,2.3644314379,-2.03622031825,-64.6035727497,1687561213.0065434
547,25,2.47486851197,-2.1337081081,-64.1968914546,3.293,1.4736,21.781,2.3644314379,-2.03622031825,-64.6035727497,1687561213.0746224
548,25,2.47486919816,-2.13373662408,-64.1968914546,3.2949,1.4736,21.781,2.36443192168,-2.03624883839,-64.6035727497,1687561213.142183
549,25,2.47486919816,-2.13373662408,-64.1968914546,3.2891,1.4746,21.766,2.36443192168,-2.03624883839,-64.6035727497,1687561213.2099755
550,25,2.47486851197,-2.1337081081,-64.1968914546,3.293,1.4727,21.766,2.3644314379,-2.03622031825,-64.6035727497,1687561213.2778153
551,25,2.47486851197,-2.1337081081,-64.1968914546,3.2949,1.4756,21.781,2.3644314379,-2.03622031825,-64.6035727497,1687561213.3463912
552,25,2.47486851197,-2.1337081081,-64.1968914546,3.291,1.4746,21.734,2.3644314379,-2.03622031825,-64.6035727497,1687561213.4179509
553,25,2.47486150069,-2.13369360644,-64.1968914546,3.291,1.4756,21.734,2.36442452973,-2.0362057672,-64.6035727497,1687561213.4859917
554,25,2.47486150069,-2.13369360644,-64.1968914546,3.291,1.4785,21.812,2.36442452973,-2.0362057672,-64.6035727497,1687561213.5544105
555,25,2.47486150069,-2.13369360644,-64.1968914546,3.293,1.4795,21.875,2.36442452973,-2.0362057672,-64.6035727497,1687561213.6231854
556,25,2.47486861364,-2.13368122168,-64.1968914546,3.293,1.4785,21.828,2.36443173041,-2.03619343323,-64.6035727497,1687561213.6915224
557,25,2.47486861364,-2.13368122168,-64.1968914546,3.291,1.4785,21.828,2.36443173041,-2.03619343323,-64.6035727497,1687561213.7599444
558,25,2.47486861364,-2.13368122168,-64.1968914546,3.293,1.4814,21.859,2.36443173041,-2.03619343323,-64.6035727497,1687561213.8286388
559,25,2.4748757266,-2.13366883691,-64.1968914546,3.291,1.4805,21.828,2.3644389311,-2.03618109926,-64.6035727497,1687561213.8970644
560,25,2.4748757266,-2.13366883691,-64.1968914546,3.291,1.4805,21.844,2.3644389311,-2.03618109926,-64.6035727497,1687561213.9633033
561,25,2.47488283956,-2.13365645214,-64.1968914546,3.2871,1.4834,21.859,2.36444613178,-2.0361687653,-64.6035727497,1687561214.031418
562,25,2.47488283956,-2.13365645214,-64.1968914546,3.2949,1.4854,21.828,2.36444613178,-2.0361687653,-64.6035727497,1687561214.0987396
563,25,2.47488995251,-2.13364406738,-64.1968914546,3.2891,1.4844,21.844,2.36445333246,-2.03615643133,-64.6035727497,1687561214.1680999
564,25,2.47488995251,-2.13364406738,-64.1968914546,3.291,1.4883,21.859,2.36445333246,-2.03615643133,-64.6035727497,1687561214.236201
565,25,2.47488995251,-2.13364406738,-64.1968914546,3.2949,1.4873,21.859,2.36445333246,-2.03615643133,-64.6035727497,1687561214.3041775
566,25,2.47488995251,-2.13364406738,-64.1968914546,3.293,1.4854,21.859,2.36445333246,-2.03615643133,-64.6035727497,1687561214.3718736
567,25,2.47488995251,-2.13364406738,-64.1968914546,3.2891,1.4863,21.844,2.36445333246,-2.03615643133,-64.6035727497,1687561214.4401195
568,25,2.47489706547,-2.13363168261,-64.1968914546,3.291,1.4873,21.797,2.36446053315,-2.03614409736,-64.6035727497,1687561214.508864
569,25,2.47489706547,-2.13363168261,-64.1968914546,3.293,1.4863,21.797,2.36446053315,-2.03614409736,-64.6035727497,1687561214.5753074
570,25,2.47489706547,-2.13363168261,-64.1968914546,3.2891,1.4854,21.797,2.36446053315,-2.03614409736,-64.6035727497,1687561214.6432273
571,25,2.47488215336,-2.13362793615,-64.1968914546,3.291,1.4863,21.828,2.364445648,-2.03614024516,-64.6035727497,1687561214.7112563
572,25,2.47491118971,-2.13363379949,-64.1968914546,3.293,1.4883,21.781,2.364474642,-2.03614631444,-64.6035727497,1687561214.778714
573,25,2.47489706547,-2.13363168261,-64.1968914546,3.293,1.4873,21.781,2.36446053315,-2.03614409736,-64.6035727497,1687561214.8459876
574,25,2.47491197758,-2.13363542906,-64.1968914546,3.2891,1.4863,21.766,2.36447541829,-2.03614794956,-64.6035727497,1687561214.9140165
575,25,2.47491197758,-2.13363542906,-64.1968914546,3.293,1.4883,21.781,2.36447541829,-2.03614794956,-64.6035727497,1687561214.9817324
576,25,2.47491830261,-2.13362141475,-64.1968914546,3.2969,1.4883,21.75,2.36448184263,-2.0361339805,-64.6035727497,1687561215.0491154
577,25,2.47491830261,-2.13362141475,-64.1968914546,3.2891,1.4902,21.781,2.36448184263,-2.0361339805,-64.6035727497,1687561215.1167424
578,25,2.47491830261,-2.13362141475,-64.1968914546,3.291,1.4883,21.766,2.36448184263,-2.0361339805,-64.6035727497,1687561215.184251
579,25,2.47491830261,-2.13362141475,-64.1968914546,3.2949,1.4912,21.734,2.36448184263,-2.0361339805,-64.6035727497,1687561215.2517362
580,25,2.47491830261,-2.13362141475,-64.1968914546,3.293,1.4922,21.75,2.36448184263,-2.0361339805,-64.6035727497,1687561215.3192875
581,25,2.47491830261,-2.13362141475,-64.1968914546,3.291,1.4932,21.766,2.36448184263,-2.0361339805,-64.6035727497,1687561215.3867984
582,25,2.47491830261,-2.13362141475,-64.1968914546,3.293,1.4922,21.734,2.36448184263,-2.0361339805,-64.6035727497,1687561215.454656
583,25,2.47491830261,-2.13362141475,-64.1968914546,3.291,1.4932,21.719,2.36448184263,-2.0361339805,-64.6035727497,1687561215.5229878
584,25,2.47491830261,-2.13362141475,-64.1968914546,3.293,1.4912,21.703,2.36448184263,-2.0361339805,-64.6035727497,1687561215.5906758
585,25,2.47491830261,-2.13362141475,-64.1968914546,3.291,1.4932,21.703,2.36448184263,-2.0361339805,-64.6035727497,1687561215.6580687
586,25,2.47491830261,-2.13362141475,-64.1968914546,3.291,1.4961,21.688,2.36448184263,-2.0361339805,-64.6035727497,1687561215.7254534
587,25,2.47491830261,-2.13362141475,-64.1968914546,3.293,1.4922,21.672,2.36448184263,-2.0361339805,-64.6035727497,1687561215.792653
588,25,2.47491830261,-2.13362141475,-64.1968914546,3.291,1.4941,21.688,2.36448184263,-2.0361339805,-64.6035727497,1687561215.8602
589,25,2.4749609934,-2.13354711365,-64.2069513828,3.293,1.4941,21.672,2.36452505972,-2.03605998428,-64.613632678,1687561215.9279957
590,25,2.47496178099,-2.13354874335,-64.2069513828,3.2949,1.4951,21.672,2.36452583572,-2.03606161954,-64.613632678,1687561215.9971523
591,25,2.47494765712,-2.13354662399,-64.2069513828,3.2891,1.4951,21.688,2.36451172726,-2.03605939998,-64.613632678,1687561216.0657663
592,25,2.47495398461,-2.13353261079,-64.2069513828,3.293,1.4961,21.672,2.36451815406,-2.03604543204,-64.613632678,1687561216.1351442
593,25,2.4749603121,-2.13351859759,-64.2069513828,3.2891,1.4971,21.703,2.36452458085,-2.0360314641,-64.613632678,1687561216.2035925
594,25,2.4749603121,-2.13351859759,-64.2069513828,3.2891,1.4971,21.688,2.36452458085,-2.0360314641,-64.613632678,1687561216.2713494
595,25,2.4749603121,-2.13351859759,-64.2069513828,3.2891,1.4961,21.672,2.36452458085,-2.0360314641,-64.613632678,1687561216.3402045
596,25,2.47494618824,-2.13351647822,-64.2069513828,3.2891,1.4961,21.641,2.36451047239,-2.03602924454,-64.613632678,1687561216.4080713
